-- phpMyAdmin SQL Dump
-- version 5.1.1
-- https://www.phpmyadmin.net/
--
-- Host: 127.0.0.1
-- Generation Time: Jan 17, 2023 at 05:40 AM
-- Server version: 10.4.22-MariaDB
-- PHP Version: 7.4.27

SET SQL_MODE = "NO_AUTO_VALUE_ON_ZERO";
START TRANSACTION;
SET time_zone = "+00:00";


/*!40101 SET @OLD_CHARACTER_SET_CLIENT=@@CHARACTER_SET_CLIENT */;
/*!40101 SET @OLD_CHARACTER_SET_RESULTS=@@CHARACTER_SET_RESULTS */;
/*!40101 SET @OLD_COLLATION_CONNECTION=@@COLLATION_CONNECTION */;
/*!40101 SET NAMES utf8mb4 */;

--
-- Database: `db_pkh`
--

-- --------------------------------------------------------

--
-- Table structure for table `failed_jobs`
--

CREATE TABLE `failed_jobs` (
  `id` bigint(20) UNSIGNED NOT NULL,
  `uuid` varchar(255) COLLATE utf8mb4_unicode_ci NOT NULL,
  `connection` text COLLATE utf8mb4_unicode_ci NOT NULL,
  `queue` text COLLATE utf8mb4_unicode_ci NOT NULL,
  `payload` longtext COLLATE utf8mb4_unicode_ci NOT NULL,
  `exception` longtext COLLATE utf8mb4_unicode_ci NOT NULL,
  `failed_at` timestamp NOT NULL DEFAULT current_timestamp()
) ENGINE=InnoDB DEFAULT CHARSET=utf8mb4 COLLATE=utf8mb4_unicode_ci;

-- --------------------------------------------------------

--
-- Table structure for table `migrations`
--

CREATE TABLE `migrations` (
  `id` int(10) UNSIGNED NOT NULL,
  `migration` varchar(255) COLLATE utf8mb4_unicode_ci NOT NULL,
  `batch` int(11) NOT NULL
) ENGINE=InnoDB DEFAULT CHARSET=utf8mb4 COLLATE=utf8mb4_unicode_ci;

--
-- Dumping data for table `migrations`
--

INSERT INTO `migrations` (`id`, `migration`, `batch`) VALUES
(1, '2014_10_12_000000_create_users_table', 1),
(2, '2014_10_12_100000_create_password_resets_table', 1),
(3, '2019_08_19_000000_create_failed_jobs_table', 1),
(4, '2019_12_14_000001_create_personal_access_tokens_table', 1),
(5, '2022_11_21_125750_create_roles_table', 1),
(6, '2022_11_21_125823_create_permissions_table', 1),
(7, '2022_11_22_233731_create_pkh_records_table', 1),
(8, '2022_11_26_035116_create_pembobotans_table', 2),
(9, '2022_11_26_035555_create_value_pembobotans_table', 2),
(12, '2022_11_26_085859_create_pembobotan_subs_table', 3),
(13, '2022_11_26_085953_create_value_pembobotan_subs_table', 3),
(14, '2022_11_27_110702_create_pembobotan_lmus_table', 4),
(15, '2022_11_27_142251_create_pembobotan_lmu_subs_table', 5),
(16, '2022_12_13_185655_create_pembobotan_alternatifs_table', 6),
(17, '2023_01_15_075547_change_smoe_to_tb_masyarakat_table', 7);

-- --------------------------------------------------------

--
-- Table structure for table `password_resets`
--

CREATE TABLE `password_resets` (
  `email` varchar(255) COLLATE utf8mb4_unicode_ci NOT NULL,
  `token` varchar(255) COLLATE utf8mb4_unicode_ci NOT NULL,
  `created_at` timestamp NULL DEFAULT NULL
) ENGINE=InnoDB DEFAULT CHARSET=utf8mb4 COLLATE=utf8mb4_unicode_ci;

-- --------------------------------------------------------

--
-- Table structure for table `pembobotans`
--

CREATE TABLE `pembobotans` (
  `id` bigint(20) UNSIGNED NOT NULL,
  `kode` bigint(20) NOT NULL,
  `jumlah` double NOT NULL,
  `kriteria_id` bigint(20) UNSIGNED NOT NULL,
  `created_at` timestamp NULL DEFAULT NULL,
  `updated_at` timestamp NULL DEFAULT NULL
) ENGINE=InnoDB DEFAULT CHARSET=utf8mb4 COLLATE=utf8mb4_unicode_ci;

--
-- Dumping data for table `pembobotans`
--

INSERT INTO `pembobotans` (`id`, `kode`, `jumlah`, `kriteria_id`, `created_at`, `updated_at`) VALUES
(1, 1, 3.5428571429, 5, '2022-11-27 08:17:50', '2022-11-27 08:17:50'),
(2, 1, 16, 6, '2022-11-27 08:17:50', '2022-11-27 08:17:50'),
(3, 1, 11.33333333333, 7, '2022-11-27 08:17:50', '2022-11-27 08:17:50'),
(4, 1, 8, 8, '2022-11-27 08:17:50', '2022-11-27 08:17:50'),
(5, 1, 3.0666666665999998, 9, '2022-11-27 08:17:50', '2022-11-27 08:17:50'),
(6, 1, 16, 10, '2022-11-27 08:17:50', '2022-11-27 08:17:50');

-- --------------------------------------------------------

--
-- Table structure for table `pembobotan_alternatifs`
--

CREATE TABLE `pembobotan_alternatifs` (
  `id` bigint(20) UNSIGNED NOT NULL,
  `sub_kriteria_id` bigint(20) UNSIGNED NOT NULL,
  `masyarakat_id` bigint(20) UNSIGNED NOT NULL,
  `l` double NOT NULL,
  `m` double NOT NULL,
  `u` double NOT NULL,
  `created_at` timestamp NULL DEFAULT NULL,
  `updated_at` timestamp NULL DEFAULT NULL
) ENGINE=InnoDB DEFAULT CHARSET=utf8mb4 COLLATE=utf8mb4_unicode_ci;

--
-- Dumping data for table `pembobotan_alternatifs`
--

INSERT INTO `pembobotan_alternatifs` (`id`, `sub_kriteria_id`, `masyarakat_id`, `l`, `m`, `u`, `created_at`, `updated_at`) VALUES
(1, 4, 1, 0.00007, 0, 0, '2023-01-15 20:03:28', '2023-01-15 20:03:28'),
(2, 5, 1, 0, 0, 0, '2023-01-15 20:03:28', '2023-01-15 20:03:28'),
(3, 6, 1, 0, 0, 0, '2023-01-15 20:03:28', '2023-01-15 20:03:28'),
(4, 7, 1, 0, 0, 0, '2023-01-15 20:03:28', '2023-01-15 20:03:28'),
(5, 8, 1, 0, 0, 0, '2023-01-15 20:03:28', '2023-01-15 20:03:28'),
(6, 9, 1, 0, 0, 0, '2023-01-15 20:03:28', '2023-01-15 20:03:28'),
(7, 10, 1, 0, 0, 0, '2023-01-15 20:03:28', '2023-01-15 20:03:28'),
(8, 11, 1, 0, 0, 0, '2023-01-15 20:03:28', '2023-01-15 20:03:28'),
(9, 12, 1, 0, 0, 0, '2023-01-15 20:03:28', '2023-01-15 20:03:28'),
(10, 13, 1, 0, 0, 0, '2023-01-15 20:03:28', '2023-01-15 20:03:28'),
(11, 14, 1, 0, 0, 0, '2023-01-15 20:03:28', '2023-01-15 20:03:28'),
(12, 15, 1, 0, 0, 0, '2023-01-15 20:03:28', '2023-01-15 20:03:28'),
(13, 16, 1, 0, 0, 0, '2023-01-15 20:03:28', '2023-01-15 20:03:28'),
(14, 17, 1, 0, 0, 0, '2023-01-15 20:03:28', '2023-01-15 20:03:28'),
(15, 18, 1, 0, 0, 0, '2023-01-15 20:03:28', '2023-01-15 20:03:28'),
(16, 19, 1, 0, 0, 0, '2023-01-15 20:03:28', '2023-01-15 20:03:28'),
(17, 20, 1, 0, 0, 0, '2023-01-15 20:03:28', '2023-01-15 20:03:28'),
(18, 21, 1, 0, 0, 0, '2023-01-15 20:03:28', '2023-01-15 20:03:28'),
(19, 22, 1, 0, 0, 0, '2023-01-15 20:03:28', '2023-01-15 20:03:28'),
(20, 23, 1, 0, 0, 0, '2023-01-15 20:03:28', '2023-01-15 20:03:28'),
(21, 24, 1, 0, 0, 0, '2023-01-15 20:03:28', '2023-01-15 20:03:28'),
(22, 25, 1, 0, 0, 0, '2023-01-15 20:03:28', '2023-01-15 20:03:28'),
(23, 26, 1, 0, 0, 0, '2023-01-15 20:03:28', '2023-01-15 20:03:28'),
(24, 27, 1, 0, 0, 0, '2023-01-15 20:03:28', '2023-01-15 20:03:28'),
(25, 28, 1, 0, 0, 0, '2023-01-15 20:03:28', '2023-01-15 20:03:28'),
(26, 29, 1, 0, 0, 0, '2023-01-15 20:03:28', '2023-01-15 20:03:28'),
(27, 4, 2, 5, 4, 6, '2023-01-16 21:34:18', '2023-01-16 21:34:18'),
(28, 5, 2, 3, 2, 2, '2023-01-16 21:34:18', '2023-01-16 21:34:18'),
(29, 6, 2, 0, 2, 2, '2023-01-16 21:34:18', '2023-01-16 21:34:18'),
(30, 7, 2, 5, 5, 4, '2023-01-16 21:34:18', '2023-01-16 21:34:18'),
(31, 8, 2, 1, 0, 6, '2023-01-16 21:34:18', '2023-01-16 21:34:18'),
(32, 4, 3, 4, 5, 0, '2023-01-16 21:34:18', '2023-01-16 21:34:18'),
(33, 5, 3, 6, 5, 5, '2023-01-16 21:34:18', '2023-01-16 21:34:18'),
(34, 6, 3, 1, 1, 4, '2023-01-16 21:34:18', '2023-01-16 21:34:18'),
(35, 7, 3, 2, 5, 6, '2023-01-16 21:34:18', '2023-01-16 21:34:18'),
(36, 8, 3, 2, 2, 0, '2023-01-16 21:34:18', '2023-01-16 21:34:18'),
(37, 4, 4, 3, 6, 4, '2023-01-16 21:34:18', '2023-01-16 21:34:18'),
(38, 5, 4, 3, 3, 3, '2023-01-16 21:34:18', '2023-01-16 21:34:18'),
(39, 6, 4, 5, 3, 0, '2023-01-16 21:34:18', '2023-01-16 21:34:18'),
(40, 7, 4, 6, 1, 0, '2023-01-16 21:34:18', '2023-01-16 21:34:18'),
(41, 8, 4, 3, 4, 2, '2023-01-16 21:34:18', '2023-01-16 21:34:18'),
(42, 4, 5, 3, 6, 7, '2023-01-16 21:34:18', '2023-01-16 21:34:18'),
(43, 5, 5, 6, 2, 6, '2023-01-16 21:34:18', '2023-01-16 21:34:18'),
(44, 6, 5, 2, 0, 6, '2023-01-16 21:34:18', '2023-01-16 21:34:18'),
(45, 7, 5, 5, 6, 2, '2023-01-16 21:34:18', '2023-01-16 21:34:18'),
(46, 8, 5, 4, 3, 1, '2023-01-16 21:34:18', '2023-01-16 21:34:18'),
(47, 4, 6, 6, 3, 5, '2023-01-16 21:34:18', '2023-01-16 21:34:18'),
(48, 5, 6, 5, 7, 2, '2023-01-16 21:34:18', '2023-01-16 21:34:18'),
(49, 6, 6, 2, 0, 1, '2023-01-16 21:34:18', '2023-01-16 21:34:18'),
(50, 7, 6, 2, 5, 6, '2023-01-16 21:34:18', '2023-01-16 21:34:18'),
(51, 8, 6, 4, 1, 5, '2023-01-16 21:34:18', '2023-01-16 21:34:18'),
(52, 4, 7, 1, 2, 1, '2023-01-16 21:34:18', '2023-01-16 21:34:18'),
(53, 5, 7, 7, 7, 0, '2023-01-16 21:34:18', '2023-01-16 21:34:18'),
(54, 6, 7, 6, 5, 1, '2023-01-16 21:34:18', '2023-01-16 21:34:18'),
(55, 7, 7, 3, 5, 1, '2023-01-16 21:34:18', '2023-01-16 21:34:18'),
(56, 8, 7, 7, 5, 3, '2023-01-16 21:34:18', '2023-01-16 21:34:18'),
(57, 4, 8, 2, 0, 4, '2023-01-16 21:34:18', '2023-01-16 21:34:18'),
(58, 5, 8, 6, 3, 6, '2023-01-16 21:34:18', '2023-01-16 21:34:18'),
(59, 6, 8, 5, 1, 5, '2023-01-16 21:34:18', '2023-01-16 21:34:18'),
(60, 7, 8, 3, 6, 2, '2023-01-16 21:34:18', '2023-01-16 21:34:18'),
(61, 8, 8, 5, 4, 2, '2023-01-16 21:34:18', '2023-01-16 21:34:18'),
(62, 4, 9, 5, 0, 7, '2023-01-16 21:34:18', '2023-01-16 21:34:18'),
(63, 5, 9, 1, 1, 3, '2023-01-16 21:34:18', '2023-01-16 21:34:18'),
(64, 6, 9, 4, 0, 2, '2023-01-16 21:34:18', '2023-01-16 21:34:18'),
(65, 7, 9, 3, 0, 1, '2023-01-16 21:34:18', '2023-01-16 21:34:18'),
(66, 8, 9, 7, 5, 0, '2023-01-16 21:34:18', '2023-01-16 21:34:18'),
(67, 4, 10, 3, 5, 7, '2023-01-16 21:34:18', '2023-01-16 21:34:18'),
(68, 5, 10, 3, 1, 2, '2023-01-16 21:34:18', '2023-01-16 21:34:18'),
(69, 6, 10, 3, 4, 3, '2023-01-16 21:34:18', '2023-01-16 21:34:18'),
(70, 7, 10, 2, 6, 7, '2023-01-16 21:34:18', '2023-01-16 21:34:18'),
(71, 8, 10, 7, 2, 6, '2023-01-16 21:34:18', '2023-01-16 21:34:18'),
(72, 4, 11, 2, 3, 1, '2023-01-16 21:34:18', '2023-01-16 21:34:18'),
(73, 5, 11, 4, 3, 0, '2023-01-16 21:34:18', '2023-01-16 21:34:18'),
(74, 6, 11, 1, 6, 4, '2023-01-16 21:34:18', '2023-01-16 21:34:18'),
(75, 7, 11, 2, 5, 2, '2023-01-16 21:34:18', '2023-01-16 21:34:18'),
(76, 8, 11, 3, 4, 5, '2023-01-16 21:34:18', '2023-01-16 21:34:18'),
(77, 4, 12, 7, 4, 3, '2023-01-16 21:34:18', '2023-01-16 21:34:18'),
(78, 5, 12, 6, 1, 7, '2023-01-16 21:34:18', '2023-01-16 21:34:18'),
(79, 6, 12, 5, 0, 4, '2023-01-16 21:34:18', '2023-01-16 21:34:18'),
(80, 7, 12, 3, 4, 0, '2023-01-16 21:34:18', '2023-01-16 21:34:18'),
(81, 8, 12, 2, 1, 0, '2023-01-16 21:34:18', '2023-01-16 21:34:18'),
(82, 4, 13, 6, 3, 5, '2023-01-16 21:34:18', '2023-01-16 21:34:18'),
(83, 5, 13, 3, 6, 2, '2023-01-16 21:34:18', '2023-01-16 21:34:18'),
(84, 6, 13, 6, 2, 6, '2023-01-16 21:34:18', '2023-01-16 21:34:18'),
(85, 7, 13, 4, 5, 6, '2023-01-16 21:34:18', '2023-01-16 21:34:18'),
(86, 8, 13, 4, 1, 4, '2023-01-16 21:34:18', '2023-01-16 21:34:18'),
(87, 4, 14, 2, 3, 6, '2023-01-16 21:34:18', '2023-01-16 21:34:18'),
(88, 5, 14, 0, 2, 6, '2023-01-16 21:34:18', '2023-01-16 21:34:18'),
(89, 6, 14, 4, 2, 0, '2023-01-16 21:34:18', '2023-01-16 21:34:18'),
(90, 7, 14, 5, 1, 3, '2023-01-16 21:34:18', '2023-01-16 21:34:18'),
(91, 8, 14, 1, 5, 0, '2023-01-16 21:34:18', '2023-01-16 21:34:18'),
(92, 4, 15, 3, 3, 7, '2023-01-16 21:34:18', '2023-01-16 21:34:18'),
(93, 5, 15, 5, 6, 2, '2023-01-16 21:34:18', '2023-01-16 21:34:18'),
(94, 6, 15, 3, 5, 3, '2023-01-16 21:34:18', '2023-01-16 21:34:18'),
(95, 7, 15, 6, 3, 1, '2023-01-16 21:34:18', '2023-01-16 21:34:18'),
(96, 8, 15, 2, 1, 6, '2023-01-16 21:34:18', '2023-01-16 21:34:18'),
(97, 4, 16, 2, 3, 2, '2023-01-16 21:34:18', '2023-01-16 21:34:18'),
(98, 5, 16, 5, 2, 6, '2023-01-16 21:34:18', '2023-01-16 21:34:18'),
(99, 6, 16, 3, 1, 6, '2023-01-16 21:34:18', '2023-01-16 21:34:18'),
(100, 7, 16, 2, 3, 3, '2023-01-16 21:34:18', '2023-01-16 21:34:18'),
(101, 8, 16, 7, 7, 3, '2023-01-16 21:34:18', '2023-01-16 21:34:18'),
(102, 4, 17, 2, 6, 6, '2023-01-16 21:34:18', '2023-01-16 21:34:18'),
(103, 5, 17, 1, 5, 4, '2023-01-16 21:34:18', '2023-01-16 21:34:18'),
(104, 6, 17, 2, 4, 4, '2023-01-16 21:34:18', '2023-01-16 21:34:18'),
(105, 7, 17, 1, 2, 2, '2023-01-16 21:34:18', '2023-01-16 21:34:18'),
(106, 8, 17, 5, 0, 4, '2023-01-16 21:34:18', '2023-01-16 21:34:18'),
(107, 4, 18, 4, 1, 3, '2023-01-16 21:34:18', '2023-01-16 21:34:18'),
(108, 5, 18, 6, 5, 1, '2023-01-16 21:34:18', '2023-01-16 21:34:18'),
(109, 6, 18, 5, 7, 4, '2023-01-16 21:34:19', '2023-01-16 21:34:19'),
(110, 7, 18, 4, 4, 0, '2023-01-16 21:34:19', '2023-01-16 21:34:19'),
(111, 8, 18, 6, 7, 2, '2023-01-16 21:34:19', '2023-01-16 21:34:19'),
(112, 4, 19, 4, 1, 4, '2023-01-16 21:34:19', '2023-01-16 21:34:19'),
(113, 5, 19, 4, 5, 1, '2023-01-16 21:34:19', '2023-01-16 21:34:19'),
(114, 6, 19, 4, 0, 2, '2023-01-16 21:34:19', '2023-01-16 21:34:19'),
(115, 7, 19, 3, 1, 1, '2023-01-16 21:34:19', '2023-01-16 21:34:19'),
(116, 8, 19, 6, 5, 4, '2023-01-16 21:34:19', '2023-01-16 21:34:19'),
(117, 4, 20, 3, 7, 4, '2023-01-16 21:34:19', '2023-01-16 21:34:19'),
(118, 5, 20, 4, 2, 2, '2023-01-16 21:34:19', '2023-01-16 21:34:19'),
(119, 6, 20, 3, 4, 6, '2023-01-16 21:34:19', '2023-01-16 21:34:19'),
(120, 7, 20, 3, 0, 2, '2023-01-16 21:34:19', '2023-01-16 21:34:19'),
(121, 8, 20, 6, 2, 3, '2023-01-16 21:34:19', '2023-01-16 21:34:19'),
(122, 4, 21, 4, 2, 7, '2023-01-16 21:34:19', '2023-01-16 21:34:19'),
(123, 5, 21, 0, 6, 5, '2023-01-16 21:34:19', '2023-01-16 21:34:19'),
(124, 6, 21, 5, 2, 6, '2023-01-16 21:34:19', '2023-01-16 21:34:19'),
(125, 7, 21, 3, 5, 2, '2023-01-16 21:34:19', '2023-01-16 21:34:19'),
(126, 8, 21, 4, 1, 2, '2023-01-16 21:34:19', '2023-01-16 21:34:19'),
(127, 4, 22, 0, 0, 3, '2023-01-16 21:34:19', '2023-01-16 21:34:19'),
(128, 5, 22, 3, 5, 2, '2023-01-16 21:34:19', '2023-01-16 21:34:19'),
(129, 6, 22, 4, 2, 0, '2023-01-16 21:34:19', '2023-01-16 21:34:19'),
(130, 7, 22, 3, 5, 4, '2023-01-16 21:34:19', '2023-01-16 21:34:19'),
(131, 8, 22, 4, 6, 6, '2023-01-16 21:34:19', '2023-01-16 21:34:19'),
(132, 4, 23, 6, 6, 2, '2023-01-16 21:34:19', '2023-01-16 21:34:19'),
(133, 5, 23, 1, 1, 3, '2023-01-16 21:34:19', '2023-01-16 21:34:19'),
(134, 6, 23, 5, 5, 1, '2023-01-16 21:34:19', '2023-01-16 21:34:19'),
(135, 7, 23, 0, 5, 7, '2023-01-16 21:34:19', '2023-01-16 21:34:19'),
(136, 8, 23, 1, 6, 6, '2023-01-16 21:34:19', '2023-01-16 21:34:19'),
(137, 4, 24, 7, 4, 3, '2023-01-16 21:34:19', '2023-01-16 21:34:19'),
(138, 5, 24, 2, 5, 4, '2023-01-16 21:34:19', '2023-01-16 21:34:19'),
(139, 6, 24, 2, 1, 4, '2023-01-16 21:34:19', '2023-01-16 21:34:19'),
(140, 7, 24, 3, 3, 1, '2023-01-16 21:34:19', '2023-01-16 21:34:19'),
(141, 8, 24, 1, 3, 7, '2023-01-16 21:34:19', '2023-01-16 21:34:19'),
(142, 4, 25, 4, 6, 5, '2023-01-16 21:34:19', '2023-01-16 21:34:19'),
(143, 5, 25, 5, 2, 3, '2023-01-16 21:34:19', '2023-01-16 21:34:19'),
(144, 6, 25, 1, 6, 7, '2023-01-16 21:34:19', '2023-01-16 21:34:19'),
(145, 7, 25, 5, 7, 4, '2023-01-16 21:34:19', '2023-01-16 21:34:19'),
(146, 8, 25, 3, 1, 0, '2023-01-16 21:34:19', '2023-01-16 21:34:19'),
(147, 4, 26, 4, 7, 7, '2023-01-16 21:34:19', '2023-01-16 21:34:19'),
(148, 5, 26, 7, 2, 2, '2023-01-16 21:34:19', '2023-01-16 21:34:19'),
(149, 6, 26, 7, 3, 7, '2023-01-16 21:34:19', '2023-01-16 21:34:19'),
(150, 7, 26, 7, 5, 4, '2023-01-16 21:34:19', '2023-01-16 21:34:19'),
(151, 8, 26, 7, 7, 6, '2023-01-16 21:34:19', '2023-01-16 21:34:19'),
(152, 4, 27, 4, 4, 3, '2023-01-16 21:34:19', '2023-01-16 21:34:19'),
(153, 5, 27, 1, 6, 4, '2023-01-16 21:34:19', '2023-01-16 21:34:19'),
(154, 6, 27, 2, 1, 6, '2023-01-16 21:34:19', '2023-01-16 21:34:19'),
(155, 7, 27, 4, 4, 4, '2023-01-16 21:34:19', '2023-01-16 21:34:19'),
(156, 8, 27, 4, 4, 1, '2023-01-16 21:34:19', '2023-01-16 21:34:19'),
(157, 4, 28, 5, 6, 4, '2023-01-16 21:34:19', '2023-01-16 21:34:19'),
(158, 5, 28, 7, 6, 4, '2023-01-16 21:34:19', '2023-01-16 21:34:19'),
(159, 6, 28, 1, 0, 7, '2023-01-16 21:34:19', '2023-01-16 21:34:19'),
(160, 7, 28, 1, 1, 3, '2023-01-16 21:34:19', '2023-01-16 21:34:19'),
(161, 8, 28, 3, 2, 4, '2023-01-16 21:34:19', '2023-01-16 21:34:19'),
(162, 4, 29, 5, 2, 1, '2023-01-16 21:34:19', '2023-01-16 21:34:19'),
(163, 5, 29, 2, 7, 4, '2023-01-16 21:34:19', '2023-01-16 21:34:19'),
(164, 6, 29, 4, 2, 7, '2023-01-16 21:34:19', '2023-01-16 21:34:19'),
(165, 7, 29, 1, 3, 4, '2023-01-16 21:34:19', '2023-01-16 21:34:19'),
(166, 8, 29, 4, 4, 1, '2023-01-16 21:34:19', '2023-01-16 21:34:19'),
(167, 4, 30, 2, 0, 4, '2023-01-16 21:34:19', '2023-01-16 21:34:19'),
(168, 5, 30, 2, 5, 2, '2023-01-16 21:34:19', '2023-01-16 21:34:19'),
(169, 6, 30, 1, 3, 1, '2023-01-16 21:34:19', '2023-01-16 21:34:19'),
(170, 7, 30, 3, 4, 3, '2023-01-16 21:34:19', '2023-01-16 21:34:19'),
(171, 8, 30, 3, 6, 3, '2023-01-16 21:34:19', '2023-01-16 21:34:19'),
(172, 4, 31, 3, 7, 1, '2023-01-16 21:34:19', '2023-01-16 21:34:19'),
(173, 5, 31, 6, 7, 3, '2023-01-16 21:34:19', '2023-01-16 21:34:19'),
(174, 6, 31, 2, 3, 7, '2023-01-16 21:34:19', '2023-01-16 21:34:19'),
(175, 7, 31, 3, 6, 7, '2023-01-16 21:34:19', '2023-01-16 21:34:19'),
(176, 8, 31, 3, 0, 0, '2023-01-16 21:34:19', '2023-01-16 21:34:19'),
(177, 4, 32, 0, 4, 1, '2023-01-16 21:34:19', '2023-01-16 21:34:19'),
(178, 5, 32, 1, 2, 2, '2023-01-16 21:34:19', '2023-01-16 21:34:19'),
(179, 6, 32, 1, 6, 2, '2023-01-16 21:34:19', '2023-01-16 21:34:19'),
(180, 7, 32, 3, 3, 2, '2023-01-16 21:34:19', '2023-01-16 21:34:19'),
(181, 8, 32, 2, 7, 1, '2023-01-16 21:34:19', '2023-01-16 21:34:19'),
(182, 4, 33, 3, 6, 1, '2023-01-16 21:34:19', '2023-01-16 21:34:19'),
(183, 5, 33, 3, 7, 3, '2023-01-16 21:34:19', '2023-01-16 21:34:19'),
(184, 6, 33, 6, 7, 1, '2023-01-16 21:34:19', '2023-01-16 21:34:19'),
(185, 7, 33, 1, 7, 2, '2023-01-16 21:34:19', '2023-01-16 21:34:19'),
(186, 8, 33, 6, 7, 1, '2023-01-16 21:34:19', '2023-01-16 21:34:19'),
(187, 4, 34, 6, 1, 4, '2023-01-16 21:34:19', '2023-01-16 21:34:19'),
(188, 5, 34, 4, 1, 2, '2023-01-16 21:34:19', '2023-01-16 21:34:19'),
(189, 6, 34, 3, 0, 4, '2023-01-16 21:34:19', '2023-01-16 21:34:19'),
(190, 7, 34, 1, 1, 6, '2023-01-16 21:34:19', '2023-01-16 21:34:19'),
(191, 8, 34, 1, 1, 6, '2023-01-16 21:34:19', '2023-01-16 21:34:19'),
(192, 4, 35, 5, 6, 4, '2023-01-16 21:34:19', '2023-01-16 21:34:19'),
(193, 5, 35, 2, 6, 6, '2023-01-16 21:34:19', '2023-01-16 21:34:19'),
(194, 6, 35, 6, 4, 0, '2023-01-16 21:34:19', '2023-01-16 21:34:19'),
(195, 7, 35, 4, 4, 7, '2023-01-16 21:34:19', '2023-01-16 21:34:19'),
(196, 8, 35, 2, 4, 2, '2023-01-16 21:34:19', '2023-01-16 21:34:19'),
(197, 4, 36, 6, 6, 1, '2023-01-16 21:34:19', '2023-01-16 21:34:19'),
(198, 5, 36, 6, 7, 1, '2023-01-16 21:34:19', '2023-01-16 21:34:19'),
(199, 6, 36, 5, 3, 6, '2023-01-16 21:34:19', '2023-01-16 21:34:19'),
(200, 7, 36, 7, 4, 7, '2023-01-16 21:34:19', '2023-01-16 21:34:19'),
(201, 8, 36, 1, 5, 4, '2023-01-16 21:34:19', '2023-01-16 21:34:19'),
(202, 4, 37, 3, 2, 6, '2023-01-16 21:34:19', '2023-01-16 21:34:19'),
(203, 5, 37, 2, 4, 0, '2023-01-16 21:34:19', '2023-01-16 21:34:19'),
(204, 6, 37, 4, 1, 5, '2023-01-16 21:34:19', '2023-01-16 21:34:19'),
(205, 7, 37, 4, 1, 0, '2023-01-16 21:34:19', '2023-01-16 21:34:19'),
(206, 8, 37, 3, 6, 3, '2023-01-16 21:34:19', '2023-01-16 21:34:19'),
(207, 4, 38, 4, 3, 6, '2023-01-16 21:34:19', '2023-01-16 21:34:19'),
(208, 5, 38, 5, 0, 6, '2023-01-16 21:34:19', '2023-01-16 21:34:19'),
(209, 6, 38, 1, 3, 1, '2023-01-16 21:34:19', '2023-01-16 21:34:19'),
(210, 7, 38, 3, 6, 5, '2023-01-16 21:34:19', '2023-01-16 21:34:19'),
(211, 8, 38, 2, 3, 1, '2023-01-16 21:34:19', '2023-01-16 21:34:19'),
(212, 4, 39, 4, 5, 2, '2023-01-16 21:34:19', '2023-01-16 21:34:19'),
(213, 5, 39, 4, 3, 5, '2023-01-16 21:34:19', '2023-01-16 21:34:19'),
(214, 6, 39, 6, 1, 2, '2023-01-16 21:34:19', '2023-01-16 21:34:19'),
(215, 7, 39, 3, 5, 1, '2023-01-16 21:34:19', '2023-01-16 21:34:19'),
(216, 8, 39, 0, 3, 1, '2023-01-16 21:34:19', '2023-01-16 21:34:19'),
(217, 4, 40, 3, 1, 3, '2023-01-16 21:34:19', '2023-01-16 21:34:19'),
(218, 5, 40, 4, 3, 4, '2023-01-16 21:34:19', '2023-01-16 21:34:19'),
(219, 6, 40, 4, 2, 2, '2023-01-16 21:34:19', '2023-01-16 21:34:19'),
(220, 7, 40, 4, 7, 5, '2023-01-16 21:34:19', '2023-01-16 21:34:19'),
(221, 8, 40, 4, 6, 6, '2023-01-16 21:34:19', '2023-01-16 21:34:19'),
(222, 4, 41, 7, 7, 7, '2023-01-16 21:34:19', '2023-01-16 21:34:19'),
(223, 5, 41, 3, 1, 2, '2023-01-16 21:34:19', '2023-01-16 21:34:19'),
(224, 6, 41, 4, 5, 5, '2023-01-16 21:34:19', '2023-01-16 21:34:19'),
(225, 7, 41, 5, 4, 4, '2023-01-16 21:34:19', '2023-01-16 21:34:19'),
(226, 8, 41, 2, 7, 3, '2023-01-16 21:34:19', '2023-01-16 21:34:19'),
(227, 4, 42, 6, 3, 6, '2023-01-16 21:34:19', '2023-01-16 21:34:19'),
(228, 5, 42, 0, 6, 5, '2023-01-16 21:34:19', '2023-01-16 21:34:19'),
(229, 6, 42, 4, 2, 5, '2023-01-16 21:34:19', '2023-01-16 21:34:19'),
(230, 7, 42, 1, 1, 5, '2023-01-16 21:34:19', '2023-01-16 21:34:19'),
(231, 8, 42, 1, 2, 1, '2023-01-16 21:34:19', '2023-01-16 21:34:19'),
(232, 4, 43, 5, 7, 3, '2023-01-16 21:34:19', '2023-01-16 21:34:19'),
(233, 5, 43, 0, 6, 5, '2023-01-16 21:34:19', '2023-01-16 21:34:19'),
(234, 6, 43, 4, 5, 2, '2023-01-16 21:34:19', '2023-01-16 21:34:19'),
(235, 7, 43, 2, 4, 6, '2023-01-16 21:34:19', '2023-01-16 21:34:19'),
(236, 8, 43, 2, 3, 2, '2023-01-16 21:34:19', '2023-01-16 21:34:19'),
(237, 4, 44, 2, 4, 5, '2023-01-16 21:34:19', '2023-01-16 21:34:19'),
(238, 5, 44, 6, 1, 1, '2023-01-16 21:34:19', '2023-01-16 21:34:19'),
(239, 6, 44, 5, 1, 7, '2023-01-16 21:34:19', '2023-01-16 21:34:19'),
(240, 7, 44, 4, 1, 4, '2023-01-16 21:34:19', '2023-01-16 21:34:19'),
(241, 8, 44, 6, 6, 4, '2023-01-16 21:34:19', '2023-01-16 21:34:19'),
(242, 4, 45, 1, 1, 1, '2023-01-16 21:34:19', '2023-01-16 21:34:19'),
(243, 5, 45, 6, 4, 2, '2023-01-16 21:34:19', '2023-01-16 21:34:19'),
(244, 6, 45, 7, 4, 1, '2023-01-16 21:34:19', '2023-01-16 21:34:19'),
(245, 7, 45, 6, 2, 3, '2023-01-16 21:34:19', '2023-01-16 21:34:19'),
(246, 8, 45, 5, 1, 3, '2023-01-16 21:34:19', '2023-01-16 21:34:19'),
(247, 4, 46, 7, 5, 3, '2023-01-16 21:34:19', '2023-01-16 21:34:19'),
(248, 5, 46, 2, 7, 3, '2023-01-16 21:34:19', '2023-01-16 21:34:19'),
(249, 6, 46, 5, 6, 2, '2023-01-16 21:34:19', '2023-01-16 21:34:19'),
(250, 7, 46, 2, 1, 1, '2023-01-16 21:34:19', '2023-01-16 21:34:19'),
(251, 8, 46, 0, 1, 5, '2023-01-16 21:34:19', '2023-01-16 21:34:19'),
(252, 4, 47, 1, 0, 1, '2023-01-16 21:34:19', '2023-01-16 21:34:19'),
(253, 5, 47, 3, 5, 2, '2023-01-16 21:34:19', '2023-01-16 21:34:19'),
(254, 6, 47, 2, 3, 4, '2023-01-16 21:34:19', '2023-01-16 21:34:19'),
(255, 7, 47, 3, 5, 6, '2023-01-16 21:34:19', '2023-01-16 21:34:19'),
(256, 8, 47, 0, 3, 2, '2023-01-16 21:34:19', '2023-01-16 21:34:19'),
(257, 4, 48, 3, 1, 3, '2023-01-16 21:34:19', '2023-01-16 21:34:19'),
(258, 5, 48, 4, 6, 4, '2023-01-16 21:34:19', '2023-01-16 21:34:19'),
(259, 6, 48, 4, 4, 3, '2023-01-16 21:34:19', '2023-01-16 21:34:19'),
(260, 7, 48, 6, 1, 3, '2023-01-16 21:34:19', '2023-01-16 21:34:19'),
(261, 8, 48, 4, 1, 7, '2023-01-16 21:34:19', '2023-01-16 21:34:19'),
(262, 4, 49, 1, 0, 5, '2023-01-16 21:34:19', '2023-01-16 21:34:19'),
(263, 5, 49, 1, 0, 4, '2023-01-16 21:34:19', '2023-01-16 21:34:19'),
(264, 6, 49, 4, 3, 7, '2023-01-16 21:34:19', '2023-01-16 21:34:19'),
(265, 7, 49, 0, 2, 2, '2023-01-16 21:34:19', '2023-01-16 21:34:19'),
(266, 8, 49, 3, 5, 6, '2023-01-16 21:34:19', '2023-01-16 21:34:19'),
(267, 4, 50, 2, 4, 5, '2023-01-16 21:34:19', '2023-01-16 21:34:19'),
(268, 5, 50, 2, 5, 5, '2023-01-16 21:34:19', '2023-01-16 21:34:19'),
(269, 6, 50, 1, 4, 6, '2023-01-16 21:34:19', '2023-01-16 21:34:19'),
(270, 7, 50, 1, 1, 1, '2023-01-16 21:34:19', '2023-01-16 21:34:19'),
(271, 8, 50, 6, 6, 3, '2023-01-16 21:34:19', '2023-01-16 21:34:19'),
(272, 4, 51, 3, 4, 4, '2023-01-16 21:34:19', '2023-01-16 21:34:19'),
(273, 5, 51, 1, 2, 5, '2023-01-16 21:34:19', '2023-01-16 21:34:19'),
(274, 6, 51, 1, 2, 2, '2023-01-16 21:34:19', '2023-01-16 21:34:19'),
(275, 7, 51, 1, 7, 0, '2023-01-16 21:34:19', '2023-01-16 21:34:19'),
(276, 8, 51, 5, 6, 4, '2023-01-16 21:34:19', '2023-01-16 21:34:19'),
(277, 4, 52, 1, 1, 4, '2023-01-16 21:34:19', '2023-01-16 21:34:19'),
(278, 5, 52, 4, 3, 1, '2023-01-16 21:34:19', '2023-01-16 21:34:19'),
(279, 6, 52, 5, 6, 2, '2023-01-16 21:34:19', '2023-01-16 21:34:19'),
(280, 7, 52, 3, 1, 5, '2023-01-16 21:34:19', '2023-01-16 21:34:19'),
(281, 8, 52, 5, 4, 5, '2023-01-16 21:34:19', '2023-01-16 21:34:19'),
(282, 4, 53, 0, 6, 6, '2023-01-16 21:34:19', '2023-01-16 21:34:19'),
(283, 5, 53, 2, 4, 4, '2023-01-16 21:34:19', '2023-01-16 21:34:19'),
(284, 6, 53, 4, 4, 3, '2023-01-16 21:34:19', '2023-01-16 21:34:19'),
(285, 7, 53, 3, 6, 2, '2023-01-16 21:34:19', '2023-01-16 21:34:19'),
(286, 8, 53, 6, 6, 4, '2023-01-16 21:34:19', '2023-01-16 21:34:19'),
(287, 4, 54, 4, 1, 6, '2023-01-16 21:34:19', '2023-01-16 21:34:19'),
(288, 5, 54, 4, 2, 4, '2023-01-16 21:34:19', '2023-01-16 21:34:19'),
(289, 6, 54, 6, 2, 4, '2023-01-16 21:34:19', '2023-01-16 21:34:19'),
(290, 7, 54, 2, 1, 2, '2023-01-16 21:34:19', '2023-01-16 21:34:19'),
(291, 8, 54, 1, 1, 1, '2023-01-16 21:34:19', '2023-01-16 21:34:19'),
(292, 4, 55, 0, 3, 5, '2023-01-16 21:34:19', '2023-01-16 21:34:19'),
(293, 5, 55, 7, 2, 6, '2023-01-16 21:34:19', '2023-01-16 21:34:19'),
(294, 6, 55, 3, 4, 1, '2023-01-16 21:34:19', '2023-01-16 21:34:19'),
(295, 7, 55, 5, 3, 7, '2023-01-16 21:34:19', '2023-01-16 21:34:19'),
(296, 8, 55, 5, 3, 4, '2023-01-16 21:34:19', '2023-01-16 21:34:19'),
(297, 4, 56, 5, 3, 2, '2023-01-16 21:34:19', '2023-01-16 21:34:19'),
(298, 5, 56, 6, 3, 3, '2023-01-16 21:34:19', '2023-01-16 21:34:19'),
(299, 6, 56, 0, 1, 5, '2023-01-16 21:34:19', '2023-01-16 21:34:19'),
(300, 7, 56, 6, 0, 2, '2023-01-16 21:34:19', '2023-01-16 21:34:19'),
(301, 8, 56, 2, 6, 5, '2023-01-16 21:34:19', '2023-01-16 21:34:19'),
(302, 4, 57, 6, 0, 3, '2023-01-16 21:34:19', '2023-01-16 21:34:19'),
(303, 5, 57, 6, 0, 5, '2023-01-16 21:34:19', '2023-01-16 21:34:19'),
(304, 6, 57, 3, 0, 1, '2023-01-16 21:34:19', '2023-01-16 21:34:19'),
(305, 7, 57, 1, 0, 4, '2023-01-16 21:34:19', '2023-01-16 21:34:19'),
(306, 8, 57, 2, 6, 2, '2023-01-16 21:34:19', '2023-01-16 21:34:19'),
(307, 4, 58, 1, 0, 4, '2023-01-16 21:34:19', '2023-01-16 21:34:19'),
(308, 5, 58, 1, 2, 1, '2023-01-16 21:34:19', '2023-01-16 21:34:19'),
(309, 6, 58, 5, 0, 6, '2023-01-16 21:34:19', '2023-01-16 21:34:19'),
(310, 7, 58, 3, 6, 2, '2023-01-16 21:34:19', '2023-01-16 21:34:19'),
(311, 8, 58, 1, 6, 6, '2023-01-16 21:34:19', '2023-01-16 21:34:19'),
(312, 4, 59, 5, 3, 5, '2023-01-16 21:34:19', '2023-01-16 21:34:19'),
(313, 5, 59, 1, 0, 1, '2023-01-16 21:34:19', '2023-01-16 21:34:19'),
(314, 6, 59, 5, 1, 2, '2023-01-16 21:34:19', '2023-01-16 21:34:19'),
(315, 7, 59, 6, 3, 5, '2023-01-16 21:34:19', '2023-01-16 21:34:19'),
(316, 8, 59, 3, 2, 7, '2023-01-16 21:34:19', '2023-01-16 21:34:19'),
(317, 4, 60, 3, 2, 1, '2023-01-16 21:34:19', '2023-01-16 21:34:19'),
(318, 5, 60, 4, 7, 6, '2023-01-16 21:34:19', '2023-01-16 21:34:19'),
(319, 6, 60, 4, 1, 1, '2023-01-16 21:34:19', '2023-01-16 21:34:19'),
(320, 7, 60, 2, 7, 7, '2023-01-16 21:34:19', '2023-01-16 21:34:19'),
(321, 8, 60, 3, 3, 6, '2023-01-16 21:34:19', '2023-01-16 21:34:19'),
(322, 4, 61, 4, 5, 0, '2023-01-16 21:34:19', '2023-01-16 21:34:19'),
(323, 5, 61, 3, 2, 2, '2023-01-16 21:34:19', '2023-01-16 21:34:19'),
(324, 6, 61, 6, 1, 2, '2023-01-16 21:34:19', '2023-01-16 21:34:19'),
(325, 7, 61, 6, 3, 6, '2023-01-16 21:34:19', '2023-01-16 21:34:19'),
(326, 8, 61, 1, 2, 0, '2023-01-16 21:34:19', '2023-01-16 21:34:19'),
(327, 4, 62, 1, 1, 6, '2023-01-16 21:34:19', '2023-01-16 21:34:19'),
(328, 5, 62, 0, 5, 5, '2023-01-16 21:34:19', '2023-01-16 21:34:19'),
(329, 6, 62, 7, 1, 6, '2023-01-16 21:34:19', '2023-01-16 21:34:19'),
(330, 7, 62, 5, 4, 3, '2023-01-16 21:34:19', '2023-01-16 21:34:19'),
(331, 8, 62, 5, 5, 2, '2023-01-16 21:34:19', '2023-01-16 21:34:19'),
(332, 4, 63, 3, 1, 6, '2023-01-16 21:34:19', '2023-01-16 21:34:19'),
(333, 5, 63, 0, 1, 2, '2023-01-16 21:34:19', '2023-01-16 21:34:19'),
(334, 6, 63, 3, 1, 2, '2023-01-16 21:34:19', '2023-01-16 21:34:19'),
(335, 7, 63, 1, 5, 3, '2023-01-16 21:34:19', '2023-01-16 21:34:19'),
(336, 8, 63, 2, 5, 7, '2023-01-16 21:34:19', '2023-01-16 21:34:19'),
(337, 4, 64, 2, 1, 2, '2023-01-16 21:34:19', '2023-01-16 21:34:19'),
(338, 5, 64, 6, 2, 6, '2023-01-16 21:34:19', '2023-01-16 21:34:19'),
(339, 6, 64, 1, 2, 5, '2023-01-16 21:34:19', '2023-01-16 21:34:19'),
(340, 7, 64, 1, 4, 2, '2023-01-16 21:34:19', '2023-01-16 21:34:19'),
(341, 8, 64, 3, 4, 0, '2023-01-16 21:34:19', '2023-01-16 21:34:19'),
(342, 4, 65, 7, 3, 2, '2023-01-16 21:34:19', '2023-01-16 21:34:19'),
(343, 5, 65, 1, 6, 1, '2023-01-16 21:34:19', '2023-01-16 21:34:19'),
(344, 6, 65, 4, 2, 4, '2023-01-16 21:34:19', '2023-01-16 21:34:19'),
(345, 7, 65, 5, 1, 6, '2023-01-16 21:34:19', '2023-01-16 21:34:19'),
(346, 8, 65, 2, 3, 2, '2023-01-16 21:34:19', '2023-01-16 21:34:19'),
(347, 4, 66, 7, 6, 1, '2023-01-16 21:34:19', '2023-01-16 21:34:19'),
(348, 5, 66, 0, 1, 1, '2023-01-16 21:34:19', '2023-01-16 21:34:19'),
(349, 6, 66, 5, 6, 2, '2023-01-16 21:34:19', '2023-01-16 21:34:19'),
(350, 7, 66, 3, 1, 7, '2023-01-16 21:34:19', '2023-01-16 21:34:19'),
(351, 8, 66, 5, 7, 4, '2023-01-16 21:34:19', '2023-01-16 21:34:19'),
(352, 4, 67, 5, 5, 5, '2023-01-16 21:34:19', '2023-01-16 21:34:19'),
(353, 5, 67, 6, 4, 2, '2023-01-16 21:34:19', '2023-01-16 21:34:19'),
(354, 6, 67, 4, 4, 1, '2023-01-16 21:34:19', '2023-01-16 21:34:19'),
(355, 7, 67, 1, 3, 4, '2023-01-16 21:34:19', '2023-01-16 21:34:19'),
(356, 8, 67, 3, 5, 5, '2023-01-16 21:34:19', '2023-01-16 21:34:19'),
(357, 4, 68, 0, 7, 6, '2023-01-16 21:34:19', '2023-01-16 21:34:19'),
(358, 5, 68, 7, 3, 2, '2023-01-16 21:34:19', '2023-01-16 21:34:19'),
(359, 6, 68, 5, 5, 5, '2023-01-16 21:34:19', '2023-01-16 21:34:19'),
(360, 7, 68, 2, 0.2, 0.2, '2023-01-16 21:36:21', '2023-01-16 21:36:21');

-- --------------------------------------------------------

--
-- Table structure for table `pembobotan_lmus`
--

CREATE TABLE `pembobotan_lmus` (
  `id` bigint(20) UNSIGNED NOT NULL,
  `code` bigint(20) NOT NULL,
  `x_kriteria_id` bigint(20) UNSIGNED NOT NULL,
  `y_kriteria_id` bigint(20) UNSIGNED NOT NULL,
  `l` double NOT NULL,
  `m` double NOT NULL,
  `u` double NOT NULL,
  `created_at` timestamp NULL DEFAULT NULL,
  `updated_at` timestamp NULL DEFAULT NULL
) ENGINE=InnoDB DEFAULT CHARSET=utf8mb4 COLLATE=utf8mb4_unicode_ci;

--
-- Dumping data for table `pembobotan_lmus`
--

INSERT INTO `pembobotan_lmus` (`id`, `code`, `x_kriteria_id`, `y_kriteria_id`, `l`, `m`, `u`, `created_at`, `updated_at`) VALUES
(37, 1, 5, 5, 36, 65, 12, NULL, NULL),
(38, 1, 6, 5, 61, 83, 63, NULL, NULL),
(39, 1, 7, 5, 89, 30, 81, NULL, NULL),
(40, 1, 8, 5, 83, 92, 2, NULL, NULL),
(41, 1, 9, 5, 53, 18, 16, NULL, NULL),
(42, 1, 10, 5, 77, 9, 83, NULL, NULL),
(43, 1, 5, 6, 20, 84, 70, NULL, NULL),
(44, 1, 6, 6, 65, 37, 91, NULL, NULL),
(45, 1, 7, 6, 61, 30, 97, NULL, NULL),
(46, 1, 8, 6, 93, 27, 46, NULL, NULL),
(47, 1, 9, 6, 30, 6, 61, NULL, NULL),
(48, 1, 10, 6, 3, 12, 88, NULL, NULL),
(49, 1, 5, 7, 56, 75, 69, NULL, NULL),
(50, 1, 6, 7, 29, 23, 21, NULL, NULL),
(51, 1, 7, 7, 52, 24, 6, NULL, NULL),
(52, 1, 8, 7, 33, 1, 33, NULL, NULL),
(53, 1, 9, 7, 55, 24, 97, NULL, NULL),
(54, 1, 10, 7, 4, 71, 21, NULL, NULL),
(55, 1, 5, 8, 64, 86, 45, NULL, NULL),
(56, 1, 6, 8, 47, 51, 8, NULL, NULL),
(57, 1, 7, 8, 18, 99, 59, NULL, NULL),
(58, 1, 8, 8, 88, 64, 35, NULL, NULL),
(59, 1, 9, 8, 83, 66, 77, NULL, NULL),
(60, 1, 10, 8, 65, 75, 46, NULL, NULL),
(61, 1, 5, 9, 53, 55, 53, NULL, NULL),
(62, 1, 6, 9, 84, 34, 83, NULL, NULL),
(63, 1, 7, 9, 58, 70, 35, NULL, NULL),
(64, 1, 8, 9, 80, 94, 53, NULL, NULL),
(65, 1, 9, 9, 2, 54, 24, NULL, NULL),
(66, 1, 10, 9, 65, 65, 69, NULL, NULL),
(67, 1, 5, 10, 9, 12, 37, NULL, NULL),
(68, 1, 6, 10, 11, 83, 15, NULL, NULL),
(69, 1, 7, 10, 29, 61, 81, NULL, NULL),
(70, 1, 8, 10, 87, 77, 2, NULL, NULL),
(71, 1, 9, 10, 3, 73, 67, NULL, NULL),
(72, 1, 10, 10, 52, 27, 53, NULL, NULL),
(73, 2, 5, 5, 61, 56, 37, NULL, NULL),
(74, 2, 6, 5, 31, 60, 90, NULL, NULL),
(75, 2, 7, 5, 35, 57, 34, NULL, NULL),
(76, 2, 8, 5, 20, 7, 2, NULL, NULL),
(77, 2, 9, 5, 26, 57, 72, NULL, NULL),
(78, 2, 10, 5, 58, 42, 71, NULL, NULL),
(79, 2, 5, 6, 66, 40, 54, NULL, NULL),
(80, 2, 6, 6, 95, 12, 43, NULL, NULL),
(81, 2, 7, 6, 63, 64, 54, NULL, NULL),
(82, 2, 8, 6, 92, 19, 81, NULL, NULL),
(83, 2, 9, 6, 87, 2, 2, NULL, NULL),
(84, 2, 10, 6, 34, 53, 61, NULL, NULL),
(85, 2, 5, 7, 94, 54, 35, NULL, NULL),
(86, 2, 6, 7, 73, 93, 8, NULL, NULL),
(87, 2, 7, 7, 31, 82, 74, NULL, NULL),
(88, 2, 8, 7, 15, 28, 48, NULL, NULL),
(89, 2, 9, 7, 83, 86, 66, NULL, NULL),
(90, 2, 10, 7, 100, 46, 38, NULL, NULL),
(91, 2, 5, 8, 68, 36, 100, NULL, NULL),
(92, 2, 6, 8, 14, 34, 85, NULL, NULL),
(93, 2, 7, 8, 34, 36, 33, NULL, NULL),
(94, 2, 8, 8, 62, 63, 91, NULL, NULL),
(95, 2, 9, 8, 60, 7, 8, NULL, NULL),
(96, 2, 10, 8, 28, 4, 19, NULL, NULL),
(97, 2, 5, 9, 57, 49, 27, NULL, NULL),
(98, 2, 6, 9, 66, 21, 18, NULL, NULL),
(99, 2, 7, 9, 9, 50, 34, NULL, NULL),
(100, 2, 8, 9, 60, 84, 28, NULL, NULL),
(101, 2, 9, 9, 25, 35, 77, NULL, NULL),
(102, 2, 10, 9, 78, 15, 98, NULL, NULL),
(103, 2, 5, 10, 76, 55, 48, NULL, NULL),
(104, 2, 6, 10, 35, 43, 93, NULL, NULL),
(105, 2, 7, 10, 26, 67, 61, NULL, NULL),
(106, 2, 8, 10, 60, 41, 20, NULL, NULL),
(107, 2, 9, 10, 30, 24, 52, NULL, NULL),
(108, 2, 10, 10, 79, 56, 3, NULL, NULL),
(109, 3, 5, 5, 1, 1, 1, NULL, NULL),
(110, 3, 6, 5, 5, 7, 9, NULL, NULL),
(111, 3, 7, 5, 3, 5, 7, NULL, NULL),
(112, 3, 8, 5, 1, 7, 2, NULL, NULL),
(113, 3, 9, 5, 26, 57, 72, NULL, NULL),
(114, 3, 10, 5, 58, 42, 71, NULL, NULL),
(115, 3, 5, 6, 66, 40, 54, NULL, NULL),
(116, 3, 6, 6, 95, 12, 43, NULL, NULL),
(117, 3, 7, 6, 63, 64, 54, NULL, NULL),
(118, 3, 8, 6, 92, 19, 81, NULL, NULL),
(119, 3, 9, 6, 87, 2, 2, NULL, NULL),
(120, 3, 10, 6, 34, 53, 61, NULL, NULL),
(121, 3, 5, 7, 94, 54, 35, NULL, NULL),
(122, 3, 6, 7, 73, 93, 8, NULL, NULL),
(123, 3, 7, 7, 31, 82, 74, NULL, NULL),
(124, 3, 8, 7, 15, 28, 48, NULL, NULL),
(125, 3, 9, 7, 83, 86, 66, NULL, NULL),
(126, 3, 10, 7, 100, 46, 38, NULL, NULL),
(127, 3, 5, 8, 68, 36, 100, NULL, NULL),
(128, 3, 6, 8, 14, 34, 85, NULL, NULL),
(129, 3, 7, 8, 34, 36, 33, NULL, NULL),
(130, 3, 8, 8, 62, 63, 91, NULL, NULL),
(131, 3, 9, 8, 60, 7, 8, NULL, NULL),
(132, 3, 10, 8, 28, 4, 19, NULL, NULL),
(133, 3, 5, 9, 57, 49, 27, NULL, NULL),
(134, 3, 6, 9, 66, 21, 18, NULL, NULL),
(135, 3, 7, 9, 9, 50, 34, NULL, NULL),
(136, 3, 8, 9, 60, 84, 28, NULL, NULL),
(137, 3, 9, 9, 25, 35, 77, NULL, NULL),
(138, 3, 10, 9, 78, 15, 98, NULL, NULL),
(139, 3, 5, 10, 76, 55, 48, NULL, NULL),
(140, 3, 6, 10, 35, 43, 93, NULL, NULL),
(141, 3, 7, 10, 26, 67, 61, NULL, NULL),
(142, 3, 8, 10, 60, 41, 20, NULL, NULL),
(143, 3, 9, 10, 30, 24, 52, NULL, NULL),
(144, 3, 10, 10, 79, 56, 3, NULL, NULL),
(145, 4, 5, 5, 1, 1, 1, NULL, NULL),
(146, 4, 6, 5, 5, 7, 9, NULL, NULL),
(147, 4, 7, 5, 3, 5, 7, NULL, NULL),
(148, 4, 8, 5, 1, 7, 2, NULL, NULL),
(149, 4, 9, 5, 26, 57, 72, NULL, NULL),
(150, 4, 10, 5, 58, 42, 71, NULL, NULL),
(151, 4, 5, 6, 0.1111111111, 40, 54, NULL, NULL),
(152, 4, 6, 6, 95, 12, 43, NULL, NULL),
(153, 4, 7, 6, 63, 64, 54, NULL, NULL),
(154, 4, 8, 6, 92, 19, 81, NULL, NULL),
(155, 4, 9, 6, 87, 2, 2, NULL, NULL),
(156, 4, 10, 6, 34, 53, 61, NULL, NULL),
(157, 4, 5, 7, 0.1428571429, 54, 35, NULL, NULL),
(158, 4, 6, 7, 73, 93, 8, NULL, NULL),
(159, 4, 7, 7, 31, 82, 74, NULL, NULL),
(160, 4, 8, 7, 15, 28, 48, NULL, NULL),
(161, 4, 9, 7, 83, 86, 66, NULL, NULL),
(162, 4, 10, 7, 100, 46, 38, NULL, NULL),
(163, 4, 5, 8, 0.3333333333, 36, 100, NULL, NULL),
(164, 4, 6, 8, 14, 34, 85, NULL, NULL),
(165, 4, 7, 8, 34, 36, 33, NULL, NULL),
(166, 4, 8, 8, 62, 63, 91, NULL, NULL),
(167, 4, 9, 8, 60, 7, 8, NULL, NULL),
(168, 4, 10, 8, 28, 4, 19, NULL, NULL),
(169, 4, 5, 9, 0.3333333333, 49, 27, NULL, NULL),
(170, 4, 6, 9, 66, 21, 18, NULL, NULL),
(171, 4, 7, 9, 9, 50, 34, NULL, NULL),
(172, 4, 8, 9, 60, 84, 28, NULL, NULL),
(173, 4, 9, 9, 25, 35, 77, NULL, NULL),
(174, 4, 10, 9, 78, 15, 98, NULL, NULL),
(175, 4, 5, 10, 0.1428571429, 55, 48, NULL, NULL),
(176, 4, 6, 10, 35, 43, 93, NULL, NULL),
(177, 4, 7, 10, 26, 67, 61, NULL, NULL),
(178, 4, 8, 10, 60, 41, 20, NULL, NULL),
(179, 4, 9, 10, 30, 24, 52, NULL, NULL),
(180, 4, 10, 10, 79, 56, 3, NULL, NULL),
(181, 5, 5, 5, 1, 1, 1, NULL, NULL),
(182, 5, 6, 5, 5, 7, 9, NULL, NULL),
(183, 5, 7, 5, 3, 5, 7, NULL, NULL),
(184, 5, 8, 5, 0.33333333333, 1, 1, NULL, NULL),
(185, 5, 9, 5, 0.3333333333333, 1, 1, NULL, NULL),
(186, 5, 10, 5, 3, 5, 7, NULL, NULL),
(187, 5, 5, 6, 0.1111111111, 0.1428571429, 0.2, NULL, NULL),
(188, 5, 6, 6, 1, 1, 1, NULL, NULL),
(189, 5, 7, 6, 0.3333333333333, 1, 1, NULL, NULL),
(190, 5, 8, 6, 0.333333333333333, 1, 1, NULL, NULL),
(191, 5, 9, 6, 0.1428571429, 0.2, 0.3333333333333, NULL, NULL),
(192, 5, 10, 6, 0.3333333333333, 1, 1, NULL, NULL),
(193, 5, 5, 7, 0.1428571429, 0.2, 0.3333333333333, NULL, NULL),
(194, 5, 6, 7, 0.333333333333, 1, 1, NULL, NULL),
(195, 5, 7, 7, 1, 1, 1, NULL, NULL),
(196, 5, 8, 7, 0.333333333333, 1, 1, NULL, NULL),
(197, 5, 9, 7, 0.2, 0.33333333333, 1, NULL, NULL),
(198, 5, 10, 7, 1, 3, 5, NULL, NULL),
(199, 5, 5, 8, 0.3333333333, 1, 1, NULL, NULL),
(200, 5, 6, 8, 0.333333333, 1, 1, NULL, NULL),
(201, 5, 7, 8, 0.33333333333, 1, 1, NULL, NULL),
(202, 5, 8, 8, 1, 1, 1, NULL, NULL),
(203, 5, 9, 8, 0.2, 0.333333333333, 1, NULL, NULL),
(204, 5, 10, 8, 0.3333333333, 1, 1, NULL, NULL),
(205, 5, 5, 9, 0.3333333333, 1, 1, NULL, NULL),
(206, 5, 6, 9, 3, 5, 7, NULL, NULL),
(207, 5, 7, 9, 1, 3, 5, NULL, NULL),
(208, 5, 8, 9, 1, 3, 5, NULL, NULL),
(209, 5, 9, 9, 1, 1, 1, NULL, NULL),
(210, 5, 10, 9, 3, 5, 7, NULL, NULL),
(211, 5, 5, 10, 0.1428571429, 0.2, 0.33333, NULL, NULL),
(212, 5, 6, 10, 0.33333, 1, 1, NULL, NULL),
(213, 5, 7, 10, 0.2, 0.3333333, 1, NULL, NULL),
(214, 5, 8, 10, 1, 1, 20, NULL, NULL),
(215, 5, 9, 10, 0.1428571429, 0.2, 0.3333333333333, NULL, NULL),
(216, 5, 10, 10, 1, 1, 1, NULL, NULL),
(217, 6, 5, 5, 1, 1, 1, NULL, NULL),
(218, 6, 6, 5, 5, 7, 9, NULL, NULL),
(219, 6, 7, 5, 3, 5, 7, NULL, NULL),
(220, 6, 8, 5, 0.33333333333, 1, 1, NULL, NULL),
(221, 6, 9, 5, 0.3333333333333, 1, 1, NULL, NULL),
(222, 6, 10, 5, 3, 5, 7, NULL, NULL),
(223, 6, 5, 6, 0.1111111111, 0.1428571429, 0.2, NULL, NULL),
(224, 6, 6, 6, 1, 1, 1, NULL, NULL),
(225, 6, 7, 6, 0.3333333333333, 1, 1, NULL, NULL),
(226, 6, 8, 6, 0.33333333333333, 1, 1, NULL, NULL),
(227, 6, 9, 6, 0.1428571429, 0.2, 0.3333333333333, NULL, NULL),
(228, 6, 10, 6, 0.3333333333333, 1, 1, NULL, NULL),
(229, 6, 5, 7, 0.1428571429, 0.2, 0.3333333333333, NULL, NULL),
(230, 6, 6, 7, 0.333333333333, 1, 1, NULL, NULL),
(231, 6, 7, 7, 1, 1, 1, NULL, NULL),
(232, 6, 8, 7, 0.333333333333, 1, 1, NULL, NULL),
(233, 6, 9, 7, 0.2, 0.33333333333, 1, NULL, NULL),
(234, 6, 10, 7, 1, 3, 5, NULL, NULL),
(235, 6, 5, 8, 0.3333333333, 1, 1, NULL, NULL),
(236, 6, 6, 8, 0.333333333, 1, 1, NULL, NULL),
(237, 6, 7, 8, 0.33333333333, 1, 1, NULL, NULL),
(238, 6, 8, 8, 1, 1, 1, NULL, NULL),
(239, 6, 9, 8, 0.2, 0.333333333333, 1, NULL, NULL),
(240, 6, 10, 8, 0.3333333333, 1, 1, NULL, NULL),
(241, 6, 5, 9, 0.3333333333, 1, 1, NULL, NULL),
(242, 6, 6, 9, 3, 5, 7, NULL, NULL),
(243, 6, 7, 9, 1, 3, 5, NULL, NULL),
(244, 6, 8, 9, 1, 3, 5, NULL, NULL),
(245, 6, 9, 9, 1, 1, 1, NULL, NULL),
(246, 6, 10, 9, 3, 5, 7, NULL, NULL),
(247, 6, 5, 10, 0.1428571429, 0.2, 0.33333, NULL, NULL),
(248, 6, 6, 10, 0.33333, 1, 1, NULL, NULL),
(249, 6, 7, 10, 0.2, 0.3333333, 1, NULL, NULL),
(250, 6, 8, 10, 1, 1, 1, NULL, NULL),
(251, 6, 9, 10, 0.1428571429, 0.2, 0.3333333333333, NULL, NULL),
(252, 6, 10, 10, 1, 1, 1, NULL, NULL),
(253, 7, 5, 5, 1, 1, 1, NULL, NULL),
(254, 7, 6, 5, 5, 7, 9, NULL, NULL),
(255, 7, 7, 5, 3, 5, 7, NULL, NULL),
(256, 7, 8, 5, 0.33333333333, 1, 1, NULL, NULL),
(257, 7, 9, 5, 0.3333333333333, 1, 1, NULL, NULL),
(258, 7, 10, 5, 3, 5, 7, NULL, NULL),
(259, 7, 5, 6, 0.1111111111, 0.1428571429, 0.2, NULL, NULL),
(260, 7, 6, 6, 1, 1, 1, NULL, NULL),
(261, 7, 7, 6, 0.3333333333333, 1, 1, NULL, NULL),
(262, 7, 8, 6, 0.33333333333333, 1, 1, NULL, NULL),
(263, 7, 9, 6, 0.1428571429, 0.2, 0.3333333333333, NULL, NULL),
(264, 7, 10, 6, 0.3333333333333, 1, 1, NULL, NULL),
(265, 7, 5, 7, 0.1428571429, 0.2, 0.3333333333333, NULL, NULL),
(266, 7, 6, 7, 0.333333333333, 1, 1, NULL, NULL),
(267, 7, 7, 7, 1, 1, 1, NULL, NULL),
(268, 7, 8, 7, 0.333333333333, 1, 1, NULL, NULL),
(269, 7, 9, 7, 0.2, 0.33333333333, 1, NULL, NULL),
(270, 7, 10, 7, 1, 3, 5, NULL, NULL),
(271, 7, 5, 8, 0.3333333333, 1, 1, NULL, NULL),
(272, 7, 6, 8, 0.333333333, 1, 1, NULL, NULL),
(273, 7, 7, 8, 0.33333333333, 1, 1, NULL, NULL),
(274, 7, 8, 8, 1, 1, 1, NULL, NULL),
(275, 7, 9, 8, 0.2, 0.333333333333, 1, NULL, NULL),
(276, 7, 10, 8, 0.3333333333, 1, 1, NULL, NULL),
(277, 7, 5, 9, 0.3333333333, 1, 1, NULL, NULL),
(278, 7, 6, 9, 3, 5, 7, NULL, NULL),
(279, 7, 7, 9, 1, 3, 5, NULL, NULL),
(280, 7, 8, 9, 1, 3, 5, NULL, NULL),
(281, 7, 9, 9, 1, 1, 1, NULL, NULL),
(282, 7, 10, 9, 3, 5, 7, NULL, NULL),
(283, 7, 5, 10, 0.1428571429, 0.2, 0.33333, NULL, NULL),
(284, 7, 6, 10, 0.33333, 1, 1, NULL, NULL),
(285, 7, 7, 10, 0.2, 0.3333333, 1, NULL, NULL),
(286, 7, 8, 10, 0.33333333, 1, 1, NULL, NULL),
(287, 7, 9, 10, 0.1428571429, 0.2, 0.3333333333333, NULL, NULL),
(288, 7, 10, 10, 1, 1, 1, NULL, NULL);

-- --------------------------------------------------------

--
-- Table structure for table `pembobotan_lmu_subs`
--

CREATE TABLE `pembobotan_lmu_subs` (
  `id` bigint(20) UNSIGNED NOT NULL,
  `code` bigint(20) NOT NULL,
  `x_kriteria_id` bigint(20) UNSIGNED NOT NULL,
  `y_kriteria_id` bigint(20) UNSIGNED NOT NULL,
  `l` double NOT NULL,
  `m` double NOT NULL,
  `u` double NOT NULL,
  `created_at` timestamp NULL DEFAULT NULL,
  `updated_at` timestamp NULL DEFAULT NULL,
  `kriteria_id` bigint(20) UNSIGNED DEFAULT NULL
) ENGINE=InnoDB DEFAULT CHARSET=utf8mb4 COLLATE=utf8mb4_unicode_ci;

--
-- Dumping data for table `pembobotan_lmu_subs`
--

INSERT INTO `pembobotan_lmu_subs` (`id`, `code`, `x_kriteria_id`, `y_kriteria_id`, `l`, `m`, `u`, `created_at`, `updated_at`, `kriteria_id`) VALUES
(1, 1, 4, 4, 1, 1, 1, NULL, NULL, NULL),
(2, 1, 5, 4, 0.3333333, 1, 1, NULL, NULL, NULL),
(3, 1, 6, 4, 3, 5, 7, NULL, NULL, NULL),
(4, 1, 7, 4, 5, 7, 9, NULL, NULL, NULL),
(5, 1, 8, 4, 3, 5, 7, NULL, NULL, NULL),
(6, 1, 4, 5, 0.3333333333, 1, 1, NULL, NULL, NULL),
(7, 1, 5, 5, 1, 1, 1, NULL, NULL, NULL),
(8, 1, 6, 5, 0.3333333333, 1, 1, NULL, NULL, NULL),
(9, 1, 7, 5, 3, 5, 7, NULL, NULL, NULL),
(10, 1, 8, 5, 5, 7, 9, NULL, NULL, NULL),
(11, 1, 4, 6, 0.142857, 0.2, 0.333333333, NULL, NULL, NULL),
(12, 1, 5, 6, 0.3333333333, 1, 1, NULL, NULL, NULL),
(13, 1, 6, 6, 1, 1, 1, NULL, NULL, NULL),
(14, 1, 7, 6, 3, 5, 3, NULL, NULL, NULL),
(15, 1, 8, 6, 3, 5, 7, NULL, NULL, NULL),
(16, 1, 4, 7, 0.11111111111, 0.142857, 0.2, NULL, NULL, NULL),
(17, 1, 5, 7, 0.142857, 0.2, 0.3333333333, NULL, NULL, NULL),
(18, 1, 6, 7, 0.142857, 0.2, 0.33333333333, NULL, NULL, NULL),
(19, 1, 7, 7, 1, 1, 1, NULL, NULL, NULL),
(20, 1, 8, 7, 0.3333333333, 1, 1, NULL, NULL, NULL),
(21, 1, 4, 8, 0.142857, 0.2, 0.3333333333, NULL, NULL, NULL),
(22, 1, 5, 8, 0.1111111111, 0.142857, 0.2, NULL, NULL, NULL),
(23, 1, 6, 8, 0.142857, 0.2, 0.3333333333, NULL, NULL, NULL),
(24, 1, 7, 8, 1, 1, 1, NULL, NULL, NULL),
(25, 1, 8, 8, 1, 1, 1, NULL, NULL, NULL),
(26, 2, 4, 4, 1, 1, 1, NULL, NULL, NULL),
(27, 2, 5, 4, 0.3333333, 1, 1, NULL, NULL, NULL),
(28, 2, 6, 4, 3, 5, 7, NULL, NULL, NULL),
(29, 2, 7, 4, 5, 7, 9, NULL, NULL, NULL),
(30, 2, 8, 4, 3, 5, 7, NULL, NULL, NULL),
(31, 2, 4, 5, 0.3333333333, 1, 1, NULL, NULL, NULL),
(32, 2, 5, 5, 1, 1, 1, NULL, NULL, NULL),
(33, 2, 6, 5, 0.3333333333, 1, 1, NULL, NULL, NULL),
(34, 2, 7, 5, 3, 5, 7, NULL, NULL, NULL),
(35, 2, 8, 5, 5, 7, 9, NULL, NULL, NULL),
(36, 2, 4, 6, 0.142857, 0.2, 0.333333333, NULL, NULL, NULL),
(37, 2, 5, 6, 0.3333333333, 1, 1, NULL, NULL, NULL),
(38, 2, 6, 6, 1, 1, 1, NULL, NULL, NULL),
(39, 2, 7, 6, 3, 5, 3, NULL, NULL, NULL),
(40, 2, 8, 6, 3, 5, 7, NULL, NULL, NULL),
(41, 2, 4, 7, 0.11111111111, 0.142857, 0.2, NULL, NULL, NULL),
(42, 2, 5, 7, 0.142857, 0.2, 0.3333333333, NULL, NULL, NULL),
(43, 2, 6, 7, 0.142857, 0.2, 0.33333333333, NULL, NULL, NULL),
(44, 2, 7, 7, 1, 1, 1, NULL, NULL, NULL),
(45, 2, 8, 7, 0.3333333333, 1, 1, NULL, NULL, NULL),
(46, 2, 4, 8, 0.142857, 0.2, 0.3333333333, NULL, NULL, NULL),
(47, 2, 5, 8, 0.1111111111, 0.142857, 0.2, NULL, NULL, NULL),
(48, 2, 6, 8, 0.142857, 0.2, 0.3333333333, NULL, NULL, NULL),
(49, 2, 7, 8, 0.3333333333, 1, 1, NULL, NULL, NULL),
(50, 2, 8, 8, 1, 1, 1, NULL, NULL, NULL),
(51, 3, 17, 17, 1, 1, 1, NULL, NULL, NULL),
(52, 3, 18, 17, 0.3333333333, 1, 1, NULL, NULL, NULL),
(53, 3, 19, 17, 1, 3, 5, NULL, NULL, NULL),
(54, 3, 20, 17, 5, 7, 9, NULL, NULL, NULL),
(55, 3, 21, 17, 3, 5, 7, NULL, NULL, NULL),
(56, 3, 17, 18, 0.3333333333, 1, 1, NULL, NULL, NULL),
(57, 3, 18, 18, 1, 1, 1, NULL, NULL, NULL),
(58, 3, 19, 18, 0.3333333333, 1, 1, NULL, NULL, NULL),
(59, 3, 20, 18, 0.3333333333, 1, 1, NULL, NULL, NULL),
(60, 3, 21, 18, 1, 3, 5, NULL, NULL, NULL),
(61, 3, 17, 19, 0.2, 0.3333333333, 1, NULL, NULL, NULL),
(62, 3, 18, 19, 0.33333333333, 1, 1, NULL, NULL, NULL),
(63, 3, 19, 19, 1, 1, 1, NULL, NULL, NULL),
(64, 3, 20, 19, 0.33333333333, 1, 1, NULL, NULL, NULL),
(65, 3, 21, 19, 1, 3, 5, NULL, NULL, NULL),
(66, 3, 17, 20, 0.1111111111, 0.1428571429, 0.2, NULL, NULL, NULL),
(67, 3, 18, 20, 0.3333333333, 1, 1, NULL, NULL, NULL),
(68, 3, 19, 20, 0.3333333333, 1, 1, NULL, NULL, NULL),
(69, 3, 20, 20, 0, 1, 1, NULL, NULL, NULL),
(70, 3, 21, 20, 0.3333333333, 1, 1, NULL, NULL, NULL),
(71, 3, 17, 21, 0.1428571429, 0.2, 0.3333333333, NULL, NULL, NULL),
(72, 3, 18, 21, 0.2, 0.3333333333, 1, NULL, NULL, NULL),
(73, 3, 19, 21, 0.2, 0.3333333333, 1, NULL, NULL, NULL),
(74, 3, 20, 21, 0.3333333333, 1, 1, NULL, NULL, NULL),
(75, 3, 21, 21, 1, 1, 1, NULL, NULL, NULL),
(76, 4, 17, 17, 1, 1, 1, NULL, NULL, NULL),
(77, 4, 18, 17, 0.3333333333, 1, 1, NULL, NULL, NULL),
(78, 4, 19, 17, 1, 3, 5, NULL, NULL, NULL),
(79, 4, 20, 17, 5, 7, 9, NULL, NULL, NULL),
(80, 4, 21, 17, 3, 5, 7, NULL, NULL, NULL),
(81, 4, 17, 18, 0.3333333333, 1, 1, NULL, NULL, NULL),
(82, 4, 18, 18, 1, 1, 1, NULL, NULL, NULL),
(83, 4, 19, 18, 0.3333333333, 1, 1, NULL, NULL, NULL),
(84, 4, 20, 18, 0.3333333333, 1, 1, NULL, NULL, NULL),
(85, 4, 21, 18, 1, 3, 5, NULL, NULL, NULL),
(86, 4, 17, 19, 0.2, 0.3333333333, 1, NULL, NULL, NULL),
(87, 4, 18, 19, 0.33333333333, 1, 1, NULL, NULL, NULL),
(88, 4, 19, 19, 1, 1, 1, NULL, NULL, NULL),
(89, 4, 20, 19, 0.33333333333, 1, 1, NULL, NULL, NULL),
(90, 4, 21, 19, 1, 3, 5, NULL, NULL, NULL),
(91, 4, 17, 20, 0.1111111111, 0.1428571429, 0.2, NULL, NULL, NULL),
(92, 4, 18, 20, 0.3333333333, 1, 1, NULL, NULL, NULL),
(93, 4, 19, 20, 0.3333333333, 1, 1, NULL, NULL, NULL),
(94, 4, 20, 20, 1, 1, 1, NULL, NULL, NULL),
(95, 4, 21, 20, 0.3333333333, 1, 1, NULL, NULL, NULL),
(96, 4, 17, 21, 0.1428571429, 0.2, 0.3333333333, NULL, NULL, NULL),
(97, 4, 18, 21, 0.2, 0.3333333333, 1, NULL, NULL, NULL),
(98, 4, 19, 21, 0.2, 0.3333333333, 1, NULL, NULL, NULL),
(99, 4, 20, 21, 0.3333333333, 1, 1, NULL, NULL, NULL),
(100, 4, 21, 21, 1, 1, 1, NULL, NULL, NULL),
(101, 5, 12, 12, 1, 1, 1, NULL, NULL, NULL),
(102, 5, 13, 12, 0.3333333333, 1, 1, NULL, NULL, NULL),
(103, 5, 14, 12, 3, 5, 7, NULL, NULL, NULL),
(104, 5, 15, 12, 5, 7, 9, NULL, NULL, NULL),
(105, 5, 16, 12, 5, 7, 9, NULL, NULL, NULL),
(106, 5, 12, 13, 0.3333333333, 1, 1, NULL, NULL, NULL),
(107, 5, 13, 13, 1, 1, 1, NULL, NULL, NULL),
(108, 5, 14, 13, 3, 5, 7, NULL, NULL, NULL),
(109, 5, 15, 13, 5, 7, 9, NULL, NULL, NULL),
(110, 5, 16, 13, 5, 7, 9, NULL, NULL, NULL),
(111, 5, 12, 14, 0.2, 0.3333333333, 1, NULL, NULL, NULL),
(112, 5, 13, 14, 0.1428571429, 0.2, 0.3333333333, NULL, NULL, NULL),
(113, 5, 14, 14, 1, 1, 1, NULL, NULL, NULL),
(114, 5, 15, 14, 0.3333333333, 1, 1, NULL, NULL, NULL),
(115, 5, 16, 14, 3, 5, 7, NULL, NULL, NULL),
(116, 5, 12, 15, 0.1111111111, 0.1428571429, 0.2, NULL, NULL, NULL),
(117, 5, 13, 15, 0.1111111111, 0.1428571429, 0.2, NULL, NULL, NULL),
(118, 5, 14, 15, 0.3333333333, 1, 1, NULL, NULL, NULL),
(119, 5, 15, 15, 1, 1, 1, NULL, NULL, NULL),
(120, 5, 16, 15, 0.3333333333, 1, 1, NULL, NULL, NULL),
(121, 5, 12, 16, 0.1111111111, 0.1428571429, 0.2, NULL, NULL, NULL),
(122, 5, 13, 16, 0.1111111111, 0.1428571429, 0.2, NULL, NULL, NULL),
(123, 5, 14, 16, 1428571429, 0.2, 0.3333333333, NULL, NULL, NULL),
(124, 5, 15, 16, 0.3333333333, 1, 1, NULL, NULL, NULL),
(125, 5, 16, 16, 1, 1, 1, NULL, NULL, NULL),
(126, 6, 4, 4, 1, 1, 1, NULL, NULL, NULL),
(127, 6, 5, 4, 0.3333333333, 1, 1, NULL, NULL, NULL),
(128, 6, 6, 4, 3, 5, 7, NULL, NULL, NULL),
(129, 6, 7, 4, 5, 7, 9, NULL, NULL, NULL),
(130, 6, 8, 4, 3, 5, 7, NULL, NULL, NULL),
(131, 6, 4, 5, 0.3333333333, 1, 1, NULL, NULL, NULL),
(132, 6, 5, 5, 1, 1, 1, NULL, NULL, NULL),
(133, 6, 6, 5, 0.3333333333, 1, 1, NULL, NULL, NULL),
(134, 6, 7, 5, 3, 5, 7, NULL, NULL, NULL),
(135, 6, 8, 5, 5, 7, 9, NULL, NULL, NULL),
(136, 6, 4, 6, 0.1428571429, 0.2, 0.3333333333, NULL, NULL, NULL),
(137, 6, 5, 6, 0.3333333333, 1, 1, NULL, NULL, NULL),
(138, 6, 6, 6, 1, 1, 1, NULL, NULL, NULL),
(139, 6, 7, 6, 3, 5, 3, NULL, NULL, NULL),
(140, 6, 8, 6, 3, 5, 7, NULL, NULL, NULL),
(141, 6, 4, 7, 0.1111111111, 0.1428571429, 0.2, NULL, NULL, NULL),
(142, 6, 5, 7, 0.1428571429, 0.2, 0.333333333, NULL, NULL, NULL),
(143, 6, 6, 7, 0.1428571429, 0.2, 0.3333333333, NULL, NULL, NULL),
(144, 6, 7, 7, 1, 1, 1, NULL, NULL, NULL),
(145, 6, 8, 7, 0.3333333333, 1, 1, NULL, NULL, NULL),
(146, 6, 4, 8, 0.1428571429, 0.2, 0.3333333333, NULL, NULL, NULL),
(147, 6, 5, 8, 0.1111111111, 0.1428571429, 0.2, NULL, NULL, NULL),
(148, 6, 6, 8, 0.1428571429, 0.2, 0.3333333333, NULL, NULL, NULL),
(149, 6, 7, 8, 0.3333333333, 1, 1, NULL, NULL, NULL),
(150, 6, 8, 8, 1, 1, 1, NULL, NULL, NULL),
(151, 7, 4, 4, 1, 1, 1, NULL, NULL, 5),
(152, 7, 5, 4, 0.3333333333, 1, 1, NULL, NULL, 5),
(153, 7, 6, 4, 3, 5, 7, NULL, NULL, 5),
(154, 7, 7, 4, 5, 7, 9, NULL, NULL, 5),
(155, 7, 8, 4, 3, 5, 7, NULL, NULL, 5),
(156, 7, 4, 5, 0.3333333333, 1, 1, NULL, NULL, 5),
(157, 7, 5, 5, 1, 1, 1, NULL, NULL, 5),
(158, 7, 6, 5, 0.3333333333, 1, 1, NULL, NULL, 5),
(159, 7, 7, 5, 3, 5, 7, NULL, NULL, 5),
(160, 7, 8, 5, 5, 7, 9, NULL, NULL, 5),
(161, 7, 4, 6, 0.1428571429, 0.2, 0.3333333333, NULL, NULL, 5),
(162, 7, 5, 6, 0.3333333333, 1, 1, NULL, NULL, 5),
(163, 7, 6, 6, 1, 1, 1, NULL, NULL, 5),
(164, 7, 7, 6, 3, 5, 3, NULL, NULL, 5),
(165, 7, 8, 6, 3, 5, 7, NULL, NULL, 5),
(166, 7, 4, 7, 0.1111111111, 0.1428571429, 0.2, NULL, NULL, 5),
(167, 7, 5, 7, 0.1428571429, 0.2, 0.333333333, NULL, NULL, 5),
(168, 7, 6, 7, 0.1428571429, 0.2, 0.3333333333, NULL, NULL, 5),
(169, 7, 7, 7, 1, 1, 1, NULL, NULL, 5),
(170, 7, 8, 7, 0.3333333333, 1, 1, NULL, NULL, 5),
(171, 7, 4, 8, 0.1428571429, 0.2, 0.3333333333, NULL, NULL, 5),
(172, 7, 5, 8, 0.1111111111, 0.1428571429, 0.2, NULL, NULL, 5),
(173, 7, 6, 8, 0.1428571429, 0.2, 0.3333333333, NULL, NULL, 5),
(174, 7, 7, 8, 0.3333333333, 1, 1, NULL, NULL, 5),
(175, 7, 8, 8, 1, 1, 1, NULL, NULL, 5),
(176, 8, 9, 9, 1, 1, 1, NULL, NULL, 6),
(177, 8, 10, 9, 1, 3, 5, NULL, NULL, 6),
(178, 8, 11, 9, 5, 7, 9, NULL, NULL, 6),
(179, 8, 9, 10, 0.2, 0.3333333333, 1, NULL, NULL, 6),
(180, 8, 10, 10, 1, 1, 1, NULL, NULL, 6),
(181, 8, 11, 10, 1, 3, 5, NULL, NULL, 6),
(182, 8, 9, 11, 0.1111111111, 0.1428571429, 0.2, NULL, NULL, 6),
(183, 8, 10, 11, 0.2, 0.3333333333, 1, NULL, NULL, 6),
(184, 8, 11, 11, 1, 1, 1, NULL, NULL, 6),
(185, 9, 22, 22, 1, 1, 1, NULL, NULL, 9),
(186, 9, 23, 22, 1, 3, 5, NULL, NULL, 9),
(187, 9, 24, 22, 5, 7, 9, NULL, NULL, 9),
(188, 9, 22, 23, 0.2, 0.3333333333, 1, NULL, NULL, 9),
(189, 9, 23, 23, 1, 1, 1, NULL, NULL, 9),
(190, 9, 24, 23, 3, 5, 7, NULL, NULL, 9),
(191, 9, 22, 24, 0.1111111111, 0.1428571329, 0.2, NULL, NULL, 9),
(192, 9, 23, 24, 0.1428571429, 0.2, 0.3333333333, NULL, NULL, 9),
(193, 9, 24, 24, 1, 1, 1, NULL, NULL, 9);

-- --------------------------------------------------------

--
-- Table structure for table `pembobotan_subs`
--

CREATE TABLE `pembobotan_subs` (
  `id` bigint(20) UNSIGNED NOT NULL,
  `kode` bigint(20) NOT NULL,
  `jumlah` double(8,2) NOT NULL,
  `sub_kriteria_id` bigint(20) UNSIGNED NOT NULL,
  `kriteria_id` bigint(20) NOT NULL,
  `created_at` timestamp NULL DEFAULT NULL,
  `updated_at` timestamp NULL DEFAULT NULL
) ENGINE=InnoDB DEFAULT CHARSET=utf8mb4 COLLATE=utf8mb4_unicode_ci;

--
-- Dumping data for table `pembobotan_subs`
--

INSERT INTO `pembobotan_subs` (`id`, `kode`, `jumlah`, `sub_kriteria_id`, `kriteria_id`, `created_at`, `updated_at`) VALUES
(1, 1, 2.54, 4, 5, '2022-11-27 07:50:22', '2022-11-27 07:50:22'),
(2, 1, 3.34, 5, 5, '2022-11-27 07:50:22', '2022-11-27 07:50:22'),
(3, 1, 7.40, 6, 5, '2022-11-27 07:50:22', '2022-11-27 07:50:22'),
(4, 1, 19.00, 7, 5, '2022-11-27 07:50:22', '2022-11-27 07:50:22'),
(5, 1, 19.00, 8, 5, '2022-11-27 07:50:22', '2022-11-27 07:50:22'),
(6, 2, 2.68, 17, 8, '2022-12-13 11:19:17', '2022-12-13 11:19:17'),
(7, 2, 4.33, 18, 8, '2022-12-13 11:19:17', '2022-12-13 11:19:17'),
(8, 2, 6.33, 19, 8, '2022-12-13 11:19:17', '2022-12-13 11:19:17'),
(9, 2, 11.00, 20, 8, '2022-12-13 11:19:17', '2022-12-13 11:19:17'),
(10, 2, 13.00, 21, 8, '2022-12-13 11:19:17', '2022-12-13 11:19:17'),
(11, 3, 2.49, 12, 7, '2022-12-13 11:27:41', '2022-12-13 11:27:41'),
(12, 3, 2.49, 13, 7, '2022-12-13 11:27:41', '2022-12-13 11:27:41'),
(13, 3, 12.20, 14, 7, '2022-12-13 11:27:42', '2022-12-13 11:27:42'),
(14, 3, 17.00, 15, 7, '2022-12-13 11:27:42', '2022-12-13 11:27:42'),
(15, 3, 21.00, 16, 7, '2022-12-13 11:27:42', '2022-12-13 11:27:42'),
(16, 4, 1.48, 9, 6, '2022-12-13 11:48:27', '2022-12-13 11:48:27'),
(17, 4, 4.33, 10, 6, '2022-12-13 11:48:27', '2022-12-13 11:48:27'),
(18, 4, 11.00, 11, 6, '2022-12-13 11:48:27', '2022-12-13 11:48:27'),
(19, 5, 1.48, 22, 9, '2022-12-15 06:09:31', '2022-12-15 06:09:31'),
(20, 5, 4.20, 23, 9, '2022-12-15 06:09:31', '2022-12-15 06:09:31'),
(21, 5, 13.00, 24, 9, '2022-12-15 06:09:31', '2022-12-15 06:09:31'),
(22, 6, 2.62, 25, 10, '2022-12-15 06:11:25', '2022-12-15 06:11:25'),
(23, 6, 3.34, 26, 10, '2022-12-15 06:11:25', '2022-12-15 06:11:25'),
(24, 6, 6.20, 27, 10, '2022-12-15 06:11:25', '2022-12-15 06:11:25'),
(25, 6, 15.00, 28, 10, '2022-12-15 06:11:25', '2022-12-15 06:11:25'),
(26, 6, 21.00, 29, 10, '2022-12-15 06:11:25', '2022-12-15 06:11:25');

-- --------------------------------------------------------

--
-- Table structure for table `permissions`
--

CREATE TABLE `permissions` (
  `id` bigint(20) UNSIGNED NOT NULL,
  `created_at` timestamp NULL DEFAULT NULL,
  `updated_at` timestamp NULL DEFAULT NULL
) ENGINE=InnoDB DEFAULT CHARSET=utf8mb4 COLLATE=utf8mb4_unicode_ci;

-- --------------------------------------------------------

--
-- Table structure for table `personal_access_tokens`
--

CREATE TABLE `personal_access_tokens` (
  `id` bigint(20) UNSIGNED NOT NULL,
  `tokenable_type` varchar(255) COLLATE utf8mb4_unicode_ci NOT NULL,
  `tokenable_id` bigint(20) UNSIGNED NOT NULL,
  `name` varchar(255) COLLATE utf8mb4_unicode_ci NOT NULL,
  `token` varchar(64) COLLATE utf8mb4_unicode_ci NOT NULL,
  `abilities` text COLLATE utf8mb4_unicode_ci DEFAULT NULL,
  `last_used_at` timestamp NULL DEFAULT NULL,
  `expires_at` timestamp NULL DEFAULT NULL,
  `created_at` timestamp NULL DEFAULT NULL,
  `updated_at` timestamp NULL DEFAULT NULL
) ENGINE=InnoDB DEFAULT CHARSET=utf8mb4 COLLATE=utf8mb4_unicode_ci;

-- --------------------------------------------------------

--
-- Table structure for table `pkh_records`
--

CREATE TABLE `pkh_records` (
  `id` bigint(20) UNSIGNED NOT NULL,
  `masyarakat_id` bigint(20) UNSIGNED NOT NULL,
  `tahap` int(10) UNSIGNED DEFAULT NULL,
  `bansos` varchar(255) COLLATE utf8mb4_unicode_ci DEFAULT NULL,
  `idsemesta` varchar(255) COLLATE utf8mb4_unicode_ci DEFAULT NULL,
  `no_kel` varchar(255) COLLATE utf8mb4_unicode_ci DEFAULT NULL,
  `nm_prov` varchar(255) COLLATE utf8mb4_unicode_ci DEFAULT NULL,
  `nm_kab` varchar(255) COLLATE utf8mb4_unicode_ci DEFAULT NULL,
  `nm_kec` varchar(255) COLLATE utf8mb4_unicode_ci DEFAULT NULL,
  `nm_kel` varchar(255) COLLATE utf8mb4_unicode_ci DEFAULT NULL,
  `alamat` text COLLATE utf8mb4_unicode_ci DEFAULT NULL,
  `umur` int(11) DEFAULT NULL,
  `tanggungan` int(11) DEFAULT NULL,
  `status` varchar(255) COLLATE utf8mb4_unicode_ci DEFAULT NULL,
  `penghasilan` int(11) DEFAULT NULL,
  `created_at` timestamp NULL DEFAULT NULL,
  `updated_at` timestamp NULL DEFAULT NULL
) ENGINE=InnoDB DEFAULT CHARSET=utf8mb4 COLLATE=utf8mb4_unicode_ci;

--
-- Dumping data for table `pkh_records`
--

INSERT INTO `pkh_records` (`id`, `masyarakat_id`, `tahap`, `bansos`, `idsemesta`, `no_kel`, `nm_prov`, `nm_kab`, `nm_kec`, `nm_kel`, `alamat`, `umur`, `tanggungan`, `status`, `penghasilan`, `created_at`, `updated_at`) VALUES
(3, 17, 10, 'Alias numquam aspern', 'Dignissimos quos vol', 'Maxime aute aliqua', 'Aut voluptates labor', 'Error consequatur al', 'Nesciunt enim nisi', 'Et mollitia officiis', 'In at mollit incidun', 57, 70, 'Incididunt culpa sa', 25, '2022-11-23 08:47:17', '2022-11-23 08:47:17'),
(4, 17, 51, 'Natus debitis at ill', 'Ea voluptates volupt', 'Nisi tempore volupt', 'Iste deleniti aspern', 'Illum iste ducimus', 'Dolorum voluptatem p', 'Rem sed sit distinc', 'Velit itaque dolores', 8, 77, 'Enim et commodi et d', 34, '2022-11-23 08:47:17', '2022-11-23 08:47:17');

-- --------------------------------------------------------

--
-- Table structure for table `roles`
--

CREATE TABLE `roles` (
  `id` bigint(20) UNSIGNED NOT NULL,
  `created_at` timestamp NULL DEFAULT NULL,
  `updated_at` timestamp NULL DEFAULT NULL
) ENGINE=InnoDB DEFAULT CHARSET=utf8mb4 COLLATE=utf8mb4_unicode_ci;

-- --------------------------------------------------------

--
-- Table structure for table `tb_datamasyarakat`
--

CREATE TABLE `tb_datamasyarakat` (
  `id_ms` int(11) NOT NULL,
  `nik` varchar(16) NOT NULL,
  `nama` varchar(100) NOT NULL,
  `alamat` varchar(20) NOT NULL,
  `hamil` varchar(255) DEFAULT NULL,
  `pendidikan` varchar(255) DEFAULT NULL,
  `tanggungan` varchar(255) DEFAULT NULL,
  `penghasilan` varchar(255) DEFAULT NULL,
  `dissabilitas` varchar(255) DEFAULT NULL,
  `umur` varchar(255) DEFAULT NULL
) ENGINE=InnoDB DEFAULT CHARSET=utf8mb4;

--
-- Dumping data for table `tb_datamasyarakat`
--

INSERT INTO `tb_datamasyarakat` (`id_ms`, `nik`, `nama`, `alamat`, `hamil`, `pendidikan`, `tanggungan`, `penghasilan`, `dissabilitas`, `umur`) VALUES
(2, '5310151506810001', 'ADRIANUS JEHALU                         ', 'NDIWAR ', 'Tidak', 'Tidak Sekolah', '2', '2000000', 'Tidak', '41'),
(3, '5310155607690001', 'AGATA AMUL                              ', 'NDIWAR ', 'Tidak', 'SMP', '2', '600000', 'Tidak', '53'),
(4, '5310154305650001', 'ALBINA SENIA                            ', 'NDIWAR ', 'Tidak', 'SMA', '5', '3000000', 'Tidak', '61'),
(5, '5310154208810001', 'ALFONSIA SAINA                          ', 'NDIWAR ', 'Tidak', 'SMP', '1', '2000000', 'Tidak', '41'),
(6, '5310154811840001', 'ALOIWISIA SEMU                          ', 'NDIWAR ', 'Tidak', 'SMA', '2', '900000', 'Tidak', '60'),
(7, '5310156106560001', 'ANASTASIA DANUL                         ', 'NDIWAR ', 'Tidak', 'Tidak Sekolah', '4', '-', 'Tidak', '66'),
(8, '5310154112870002', 'ANASTASIA LIJA                          ', 'NDIWAR ', 'Tidak', 'Tidak Sekolah', '1', '3500000', 'Tidak', '34'),
(9, '5310155402550001', 'ANASTASIA NGANUR                        ', 'NDIWAR ', 'Tidak', 'SMP', '1', '-', 'Tidak', '67'),
(10, '5310154103480003', 'ANTONIA ADUT                            ', 'NDIWAR ', 'Tidak', 'Tidak Sekolah', '1', '-', 'Tidak', '74'),
(11, '5310154410720001', 'ANTONIA ANUL                            ', 'NDIWAR ', 'Tidak', 'Tidak Sekolah', '1', '1000000', 'Tidak', '50'),
(12, '5310154707760001', 'ANTONIA AVI                             ', 'NDIWAR ', 'Tidak', 'SD', '4', '2000000', 'Tidak', '46'),
(13, '5310154510740001', 'ANTONIA JIUT                            ', 'NDIWAR ', 'Tidak', 'Tidak Sekolah', '1', '1000000', 'Tidak', '48'),
(14, '5310154811660001', 'BEATA NAWAL                             ', 'NDIWAR ', 'Tidak', 'Tidak Sekolah', '2', '1500000', 'Tidak', '54'),
(15, '5310154902750001', 'BEATA USUL                              ', 'NDIWAR ', 'Tidak', 'SD', '3', '2000000', 'Tidak', '47'),
(16, '5310156505740001', 'BENEDITA AMUL                           ', 'NDIWAR ', 'Tidak', 'SD', '4', '2000000', 'Tidak', '48'),
(17, '5310156302640001', 'BENEDITA AMUL                           ', 'NDIWAR ', 'Tidak', 'SMA', '3', '500000', 'Tidak', '76'),
(18, '5310154712870002', 'BERNADETA JIHA                        ', 'NDIWAR ', 'Tidak', 'SD', '3', '600000', 'Tidak', '35'),
(19, '5310156207670001', 'BERTA BANUS                             ', 'NDIWAR ', 'Tidak', 'SD', '5', '880000', 'Tidak', '55'),
(20, '5315075910910001', 'BERTIANA BANUT                          ', 'NDIWAR ', 'Tidak', 'Tidak Sekolah', '3', '1000000', 'Tidak', '50'),
(21, '5310155706780001', 'DAFRI NETI                              ', 'NDIWAR ', 'Tidak', 'SMA', '5', '3000000', 'Tidak', '45'),
(22, '5310155709700001', 'DIONISIA JENIA                          ', 'NDIWAR ', 'Tidak', 'Tidak Sekolah', '3', '900000', 'Tidak', '52'),
(23, '5310151903580002', 'DOMINIKUS JELALUT                       ', 'NDIWAR ', 'Tidak', 'SD', '2', '500000', 'Tidak', '73'),
(24, '5310154107720008', 'DOROTEA HAJUM                           ', 'NDIWAR ', 'Tidak', 'SMA', '3', '200000', 'Tidak', '50'),
(25, '5310155403510001', 'DORTEA DAMUT                            ', 'NDIWAR ', 'Tidak', 'SMP', NULL, NULL, 'Tidak', '73'),
(26, '5310156606750001', 'ELISABET DIUT                           ', 'NDIWAR ', 'Tidak', 'SMP', '3', '400000', 'Tidak', '47'),
(27, '5310155007660001', 'ELISABET LALUM                          ', 'NDIWAR ', 'Tidak', 'SMA', '2', '900000', 'Tidak', '50'),
(28, '5310154803730002', 'ELISABET NAJUNG                         ', 'NDIWAR ', 'Tidak', 'SMA', '3', '800000', 'Tidak', '49'),
(29, '5310155111780001', 'ELISABET NURHAYATI                      ', 'NDIWAR ', 'Tidak', 'Tidak Sekolah', '2', '1500000', 'Tidak', '44'),
(30, '5310157012760001', 'ELISABET TIMAN                          ', 'NDIWAR ', 'Tidak', 'SD', '2', '2000000', 'Tidak', '46'),
(31, '5310154112870001', 'ELVIRA DWIYANTI                         ', 'NDIWAR ', 'Tidak', 'SD', '3', '900000', 'Tidak', '37'),
(32, '5310155812740001', 'EMERENSIANA USUT                        ', 'NDIWAR ', 'Tidak', 'SD', '1', '3000000', 'Tidak', '41'),
(33, '5310155409900001', 'EMIRENSIANA JAUL                      ', 'NDIWAR ', 'Tidak', 'SD', '5', '800000', 'Tidak', '32'),
(34, '5310155004840001', 'ERIKA LIS                               ', 'NDIWAR ', 'Tidak', 'SMA', '3', '1000000', 'Tidak', '54'),
(35, '5310155103780002', 'ERNI LUMUT                              ', 'NDIWAR ', 'Tidak', 'SMA', '4', NULL, 'Tidak', '44'),
(36, '5310156804640001', 'FILOMENA SEMAIL                         ', 'NDIWAR ', 'Tidak', 'SMP', '1', '900000', 'Tidak', '58'),
(37, '5310155509770001', 'FRANSISKA DAIMA MINI                    ', 'NDIWAR ', 'Tidak', 'SMP', '5', '900000', 'Tidak', '45'),
(38, '5310155601820002', 'FRANSISKA DAMUS                         ', 'NDIWAR ', 'Tidak', 'SD', '5', '500000', 'Tidak', '40'),
(39, '5310155112620001', 'FRANSISKA MANUS                         ', 'NDIWAR ', 'Tidak', 'Tidak Sekolah', '3', '900000', 'Tidak', '60'),
(40, '5310155604840001', 'GAUDENSIA KURNIA                        ', 'NDIWAR ', 'Tidak', 'SMP', '2', '800000', 'Tidak', '48'),
(41, '5310156608790001', 'GENOFEFA ETA                            ', 'NDIWAR ', 'Tidak', 'SD', '5', '560000', 'Tidak', '43'),
(42, '5310154709700001', 'GENOVEVA JAYA                           ', 'NDIWAR ', 'Tidak', 'SMA', '5', '1000000', 'Tidak', '52'),
(43, '5310156107590001', 'GENOVEWA NANUT                          ', 'NDIWAR ', 'Tidak', 'SD', '2', NULL, 'Tidak', '70'),
(44, '5310154810860001', 'GETRUDIS MAIS                           ', 'NDIWAR ', 'Tidak', 'SD', '1', '750000', 'Tidak', '36'),
(45, '5310151307720001', 'HENDRIKUS KAMPUR                        ', 'NDIWAR ', 'Tidak', 'SMP', '3', '800000', 'Tidak', '50'),
(46, '5310155609770003', 'HERLINA TUTI                            ', 'NDIWAR ', 'Tidak', 'SMP', '4', '2000000', 'Tidak', '45'),
(47, '5310156808670001', 'HERMETI NIKMAT                          ', 'NDIWAR ', 'Tidak', 'SD', '2', '1500000', 'Tidak', '55'),
(48, '5310155003800001', 'HERMILINDA LUHUR                        ', 'NDIWAR ', 'Tidak', 'Tidak Sekolah', '1', '3000000', 'Tidak', '42'),
(49, '5310155702840001', 'HERMINA UJUM                            ', 'NDIWAR ', 'Tidak', 'SMA', '2', '900000', 'Tidak', '40'),
(50, '5310151003580001', 'HILARIUS AMBUT                          ', 'NDIWAR ', 'Tidak', 'SMA', '6', '1000000', 'Tidak', '64'),
(51, '5310150908770001', 'HIRONIMUS NABUN                         ', 'NDIWAR ', 'Tidak', 'SMP', '3', '800000', 'Tidak', '45'),
(52, '5310154106570001', 'IMAKULATA MAMUN                         ', 'NDIWAR ', 'Tidak', 'Tidak Sekolah', '3', '500000', 'Tidak', '70'),
(53, '5310155201730001', 'IMAKULATA MBAUNG                        ', 'NDIWAR ', 'Tidak', 'Tidak Sekolah', '2', '1000000', 'Tidak', '49'),
(54, '5310154510780001', 'IMELDA JURIA                            ', 'NDIWAR ', 'Tidak', 'Tidak Sekolah', '3', '3000000', 'Tidak', '44'),
(55, '5310154904740001', 'IMELDA SOFIA DIN                        ', 'NDIWAR ', 'Tidak', 'SD', '4', '2000000', 'Tidak', '48'),
(56, '5310156403720001', 'IMELDIS SUMUR                           ', 'NDIWAR ', 'Tidak', 'SMA', '5', '3000000', 'Tidak', '50'),
(57, '5310152603800001', 'KANISIUS JEHALUT                        ', 'NDIWAR ', 'Tidak', 'SMP', NULL, NULL, 'Tidak', '84'),
(58, '5310150701770002', 'KANISIUS NGGARANG                       ', 'NDIWAR ', 'Tidak', 'SMP', '4', '2000000', 'Tidak', '45'),
(59, '5310154503710002', 'KAROLINA ERNA BUDI                      ', 'NDIWAR ', 'Tidak', 'SD', '2', '2000000', 'Tidak', '51'),
(60, '5310154701830001', 'KAROLINA HELENA HIMUNG                  ', 'NDIWAR ', 'Tidak', 'SMA', '1', '1000000', 'Tidak', '39'),
(61, '5310154907530002', 'KATARINA ANGUR                          ', 'NDIWAR ', 'Tidak', 'SMA', NULL, NULL, 'Tidak', '80'),
(62, '5310155901650001', 'KATARINA DANGUN                         ', 'NDIWAR ', 'Tidak', 'SD', NULL, NULL, 'Tidak', '80'),
(63, '5310155901730001', 'KATARINA DIA                            ', 'NDIWAR ', 'Tidak', 'SMP', '3', '800000', 'Tidak', '53'),
(64, '5310154301690001', 'KATARINA NUNUT                          ', 'NDIWAR ', 'Tidak', 'SMP', '5', '300000', 'Tidak', '53'),
(65, '5310155603830001', 'KORDIANA PAHUR                          ', 'NDIWAR ', 'Tidak', 'SD', '2', '1000000', 'Tidak', '39'),
(66, '5310156910820001', 'KORNELIA DAMUS                          ', 'NDIWAR ', 'Tidak', 'SD', '4', '1300000', 'Tidak', '40'),
(67, '5310155812800001', 'KORNELIA IBAN                           ', 'NDIWAR ', 'Tidak', 'SMP', '2', '300000', 'Tidak', '42'),
(68, '5310154602680001', 'KORNELIA OMOL                           ', 'NDIWAR ', 'Tidak', 'SMP', '6', '950000', 'Tidak', '54'),
(69, '5310156110760001', 'KORNELIA WENA                           ', 'NDIWAR ', 'Tidak', 'Tidak Sekolah', '3', '800000', 'Tidak', '55'),
(70, '5310155502880001', 'KRISTINA BANUL                          ', 'NDIWAR ', 'Tidak', 'SD', '2', '200000', 'Tidak', '34'),
(71, '5310154412880001', 'KRISTINA IWAN                           ', 'NDIWAR ', 'Tidak', 'SD', '2', NULL, 'Tidak', '34'),
(72, '5310154107750002', 'KRISTINA NI                             ', 'NDIWAR ', 'Tidak', 'SMP', '3', '400000', 'Tidak', '47'),
(73, '5310155103790001', 'KRISTINA SAIMAN                         ', 'NDIWAR ', 'Tidak', 'SMP', '2', '1500000', 'Tidak', '45'),
(74, '5310155010690001', 'KRISTINA SAJUL                          ', 'NDIWAR ', 'Tidak', 'SMP', '6', '900000', 'Tidak', '53'),
(75, '5310152803630001', 'KRISTOFORUS MADE                        ', 'NDIWAR ', 'Tidak', 'Tidak Sekolah', '3', '800000', 'Tidak', '65'),
(76, '5310150107710005', 'LASARUS BAUT                            ', 'NDIWAR ', 'Tidak', 'SD', '2', '2000000', 'Tidak', '51'),
(77, '5310152407620001', 'LAURENSIUS JEHAMIN                      ', 'NDIWAR ', 'Tidak', 'SD', '3', '900000', 'Tidak', '60'),
(78, '5310154904770001', 'LEVINA MINA                             ', 'NDIWAR ', 'Tidak', 'SMP', '4', '1000000', 'Tidak', '45'),
(79, '5310154101850001', 'LEVITA JEMAMUN                        ', 'NDIWAR ', 'Tidak', 'SMP', '4', '300000', 'Tidak', '37'),
(80, '5310156307690001', 'LITVINA BAMUT                           ', 'NDIWAR ', 'Tidak', 'SMA', '3', '500000', 'Tidak', '53'),
(81, '5310154103700002', 'LOVISA JEMUMUN                          ', 'NDIWAR ', 'Tidak', 'SMP', '1', '800000', 'Tidak', '56'),
(82, '5310155610680001', 'LUSIA HAYA                              ', 'NDIWAR ', 'Tidak', 'SMA', '6', '1000000', 'Tidak', '56'),
(83, '5310154502790001', 'MAGDALENA LISA                          ', 'NDIWAR ', 'Tidak', 'SMP', '3', '1500000', 'Tidak', '43'),
(84, '5310155203810001', 'MAGDALENA SAIMAN                        ', 'NDIWAR ', 'Tidak', 'SD', '3', '900000', 'Tidak', '43'),
(85, '5310156606920001', 'MAKDALENA GIMBUNG                     ', 'NDIWAR ', 'Tidak', 'SD', '1', '800000', 'Tidak', '30'),
(86, '5310156104690001', 'MAKDALENA SIDAN                         ', 'NDIWAR ', 'Tidak', 'SMA', '3', NULL, 'Tidak', '53'),
(87, '5310154305730001', 'MARGARETA AWUT                          ', 'NDIWAR ', 'Tidak', 'SD', '5', '700000', 'Tidak', '49'),
(88, '5310156011590001', 'MARGARETA MAMUR                         ', 'NDIWAR ', 'Tidak', 'SMA', '1', '3000000', 'Tidak', '78'),
(89, '5310156506980001', 'MARGARETA VEBRIANI DANGUNG              ', 'NDIWAR ', 'Tidak', 'SD', '2', '3500000', 'Tidak', '25'),
(90, '5310154911720001', 'MARIA AJOM                              ', 'NDIWAR ', 'Tidak', 'SMP', '5', '590000', 'Tidak', '50'),
(91, '5310154401530003', 'MARIA BUMBUNG                           ', 'NDIWAR ', 'Tidak', 'SMA', '3', '500000', 'Tidak', '73'),
(92, '5310154104670001', 'MARIA FATIMA LIWUNG                     ', 'NDIWAR ', 'Tidak', 'SD', '3', '2000000', 'Tidak', '55'),
(93, '5310155509810001', 'MARIA FATIMA PIA                        ', 'NDIWAR ', 'Tidak', 'Tidak Sekolah', '2', '900000', 'Tidak', '43'),
(94, '5310155809720001', 'MARIA GORETI ANUNG                      ', 'NDIWAR ', 'Tidak', 'SMP', '2', '800000', 'Tidak', '50'),
(95, '5310154406760001', 'MARIA GORETI IMUL                       ', 'NDIWAR ', 'Tidak', 'SMP', '3', '800000', 'Tidak', '46'),
(96, '5310154107780008', 'MARIA GORETI JENAU                      ', 'NDIWAR ', 'Tidak', 'SMP', '5', '450000', 'Tidak', '44'),
(97, '5310156406730001', 'MARIA GORETI JIMAN                      ', 'NDIWAR ', 'Tidak', 'Tidak Sekolah', '4', NULL, 'Tidak', '49'),
(98, '5310155206660001', 'MARIA ILIM ADEL                         ', 'NDIWAR ', 'Tidak', 'Tidak Sekolah', '4', '800000', 'Tidak', '56'),
(99, '5310155106770001', 'MARIA IMELDA JEMINA                     ', 'NDIWAR ', 'Tidak', 'SD', '4', '765000', 'Tidak', '45'),
(100, '5310155010820001', 'MARIA JEMIA                             ', 'NDIWAR ', 'Tidak', 'SMP', '3', '2000000', 'Tidak', '40'),
(101, '5310154103420001', 'MARIA JENIA                           ', 'NDIWAR ', 'Tidak', 'Tidak Sekolah', '1', '-', 'Tidak', '80'),
(102, '5310156203560001', 'MARIA JENIA                             ', 'NDIWAR ', 'Tidak', 'SD', '1', '-', 'Tidak', '66'),
(103, '5310155103900001', 'MARIA KOMELA                          ', 'NDIWAR ', '6 Bulan', 'Tidak Sekolah', '4', '500000', 'Tidak', '32'),
(104, '5310154602630001', 'MARIA LALUS                             ', 'NDIWAR ', 'Tidak', 'Tidak Sekolah', '3', '800000', 'Tidak', '65'),
(105, '5310154301770001', 'MARIA LAMBUS                            ', 'NDIWAR ', 'Tidak', 'Tidak Sekolah', '1', '1000000', 'Tidak', '45'),
(106, '5310155304660001', 'MARIA LEI                               ', 'NDIWAR ', 'Tidak', 'SMA', NULL, NULL, 'Tidak', '86'),
(107, '5310154302550001', 'MARIA MBUBUK                            ', 'NDIWAR ', 'Tidak', 'Tidak Selah', '7', '-', 'Tidak', '67'),
(108, '5310155807710001', 'MARIA MUMUN                             ', 'NDIWAR ', 'Tidak', 'Tidak Sekolah', '4', '300000', 'Tidak', '51'),
(109, '5310155110900001', 'MARIA NANUL                           ', 'NDIWAR ', 'Tidak', 'SD', '2', '770000', 'Tidak', '32'),
(110, '5310155006740001', 'MARIA RAFELINA DUNUT                    ', 'NDIWAR ', 'Tidak', 'SMA', '2', '1000000', 'Tidak', '52'),
(111, '5310155409810001', 'MARIA SITI NURBAYA                    ', 'NDIWAR ', 'Tidak', 'SMA', '4', '800000', 'Tidak', '41'),
(112, '5310155212730001', 'MARIA SITI SAIRA                        ', 'NDIWAR ', 'Tidak', 'SMA', '7', '700000', 'Tidak', '49'),
(113, '5310154103600002', 'MARIA SUENG                             ', 'NDIWAR ', 'Tidak', 'SD', '2', '1500000', 'Tidak', '62'),
(114, '5310156405880002', 'MARIA SUSIANI SETIA                   ', 'NDIWAR ', 'Tidak', 'SD', '3', '1000000', 'Tidak', '34'),
(115, '5310155112710001', 'MARIA TUTI DAIMUN                       ', 'NDIWAR ', 'Tidak', 'SMA', '3', '400000', 'Tidak', '51'),
(116, '5310154104700001', 'MARIA WUET TIMUNG                       ', 'NDIWAR ', 'Tidak', 'SD', '1', '2000000', 'Tidak', '48'),
(117, '5310155805780001', 'MARIETA NANUS                           ', 'NDIWAR ', 'Tidak', 'SMP', '3', '1500000', 'Tidak', '42'),
(118, '5310150107750005', 'MARKUS BANDUT                           ', 'NDIWAR ', 'Tidak', 'SMP', '2', '1500000', 'Tidak', '40'),
(119, '5310156409860001', 'MARSELINA INDUL                         ', 'NDIWAR ', 'Tidak', 'SMA', '2', '800000', 'Tidak', '40'),
(120, '5310155003700001', 'MARTINA GANUT                           ', 'NDIWAR ', 'Tidak', 'SD', '6', '700000', 'Tidak', '52'),
(121, '5310154802580001', 'MARTINA MAMUS                         ', 'NDIWAR ', 'Tidak', 'SMP', '2', '-', 'Tidak', '64'),
(122, '5310152301460001', 'MARTINUS HAMAN                        ', 'NDIWAR ', 'Tidak', 'Tidak Sekolah', '2', '-', 'Tidak', '76'),
(123, '5310150101610001', 'MARTINUS SUITNO                       ', 'NDIWAR ', 'Tidak', 'Tidak Sekolah', '4', '-', 'Tidak', '61'),
(124, '5310155206790001', 'MEDIATRIX MENDA                         ', 'NDIWAR ', 'Tidak', 'SMA', '5', '550000', 'Tidak', '43'),
(125, '5310156812780002', 'MELANIA NAHUNG                          ', 'NDIWAR ', 'Tidak', 'Tidak Sekolah', '2', '1500000', 'Tidak', '44'),
(126, '5310155006680001', 'MELANIA UJUT                            ', 'NDIWAR ', 'Tidak', 'SMA', '3', '1000000', 'Tidak', '55'),
(127, '5310154908800001', 'MELTIANA BANUL                          ', 'NDIWAR ', 'Tidak', 'Tidak Sekolah', '3', '1000000', 'Tidak', '42'),
(128, '5310154609750001', 'MONIKA JEMIN                            ', 'NDIWAR ', 'Tidak', 'SD', '2', '500000', 'Tidak', '47'),
(129, '5310155601760001', 'MONIKA MAMUR                            ', 'NDIWAR ', 'Tidak', 'SMP', '4', '750000', 'Tidak', '46'),
(130, '5310154709630001', 'MONIKA NGAWEL                           ', 'NDIWAR ', 'Tidak', 'Tidak Sekolah', '2', NULL, 'Tidak', '59'),
(131, '5310154905790002', 'NATALIA MANUS                           ', 'NDIWAR ', 'Tidak', 'SMA', '3', '650000', 'Tidak', '43'),
(132, '5310154103680001', 'ODILIA STIMAN                           ', 'NDIWAR ', 'Tidak', 'Tidak Sekolah', '2', '1000000', 'Tidak', '54'),
(133, '5310154508790002', 'OLIVA NGANGU                            ', 'NDIWAR ', 'Tidak', 'SMP', '4', '2000000', 'Tidak', '43'),
(134, '5310155002700001', 'PAULINA JEMIUN                          ', 'NDIWAR ', 'Tidak', 'SMA', '1', '1000000', 'Tidak', '52'),
(135, '5310156409750003', 'PAULINA MAMU                            ', 'NDIWAR ', 'Tidak', 'Tidak Sekolah', '3', '800000', 'Tidak', '47'),
(136, '5310154705640001', 'PAULINA SUSUR                           ', 'NDIWAR ', 'Tidak', 'Tidak Sekolah', '2', '1500000', 'Tidak', '56'),
(137, '5310156005820001', 'PETRONELA JAINA                         ', 'NDIWAR ', 'Tidak', 'SD', '5', '1300000', 'Tidak', '40'),
(138, '5310156003560001', 'REGINA AHUL                             ', 'NDIWAR ', 'Tidak', 'SMA', '3', '500000', 'Tidak', '60'),
(139, '5310156707730001', 'REGINA HAMU                             ', 'NDIWAR ', 'Tidak', 'SMA', '3', '1000000', 'Tidak', '48'),
(140, '5310152206810001', 'RIKARDUS LONJOK                         ', 'NDIWAR ', 'Tidak', 'Tidak Sekolah', NULL, '3000000', 'Tidak', '41'),
(141, '5310151201780001', 'ROBERTUS NOI                            ', 'NDIWAR ', 'Tidak', 'SMA', '4', '1000000', 'Tidak', '45'),
(142, '5310151904500001', 'ROFAEL MAGEL                            ', 'NDIWAR ', 'Tidak', 'Tidak Sekolah', '1', '1000000', 'Tidak', '72'),
(143, '5310154107660009', 'ROFINA JENINA                           ', 'NDIWAR ', 'Tidak', 'SD', '5', '870000', 'Tidak', '56'),
(144, '5310154209780001', 'ROFINA MIMAT                            ', 'NDIWAR ', 'Tidak', 'SMP', '3', '1000000', 'Tidak', '44'),
(145, '5310154107770007', 'ROFINA NANUL                            ', 'NDIWAR ', 'Tidak', 'SMP', '5', '900000', 'Tidak', '45'),
(146, '5310152203820001', 'ROFINUS HANU                          ', 'NDIWAR ', 'Tidak', 'SMP', '3', '300000', 'Tidak', '40'),
(147, '5310156801700002', 'ROSALIA DANUL                           ', 'NDIWAR ', 'Tidak', 'SMP', '6', '650000', 'Tidak', '52'),
(148, '5310156511720001', 'ROSALIA MAMUN                           ', 'NDIWAR ', 'Tidak', 'Tidak Sekolah', '2', '900000', 'Tidak', '50'),
(149, '5310156802670001', 'ROSALIA SEDIA                           ', 'NDIWAR ', 'Tidak', 'SMA', '4', '1000000', 'Tidak', '55'),
(150, '5310154107780006', 'ROVINA JUITA                            ', 'NDIWAR ', 'Tidak', 'SMP', '3', '800000', 'Tidak', '44'),
(151, '5310154404750002', 'RUFINA NIMU                             ', 'NDIWAR ', 'Tidak', 'SMP', '3', '1500000', 'Tidak', '55'),
(152, '5310156808950001', 'SABINA JEMAMUN                          ', 'NDIWAR ', 'Tidak', 'SMP', '2', '800000', 'Tidak', '27'),
(153, '5310154910450001', 'SABINA MUMUS                            ', 'NDIWAR ', 'Tidak', 'SMA', '8', '-', 'Tidak', '77'),
(154, '5310154107740001', 'SABINA UMUL                             ', 'NDIWAR ', 'Tidak', 'SMP', '2', '800000', 'Tidak', '48'),
(155, '5310156606760001', 'SAVERINA DIT                            ', 'NDIWAR ', 'Tidak', 'SD', '2', '1500000', 'Tidak', '46'),
(156, '5310154201820002', 'SEBASTIANA NUER                         ', 'NDIWAR ', 'Tidak', 'SMP', '3', '2000000', 'Tidak', '40'),
(157, '5310150901680001', 'SEBASTIANUS SALIMUDIN                   ', 'NDIWAR ', 'Tidak', 'Tidak Sekolah', '3', '900000', 'Tidak', '54'),
(158, '5310154603380001', 'SEBINA MUMUT                            ', 'NDIWAR ', 'Tidak', 'Tidak Sekolah', NULL, NULL, 'Tidak', '70'),
(159, '5310154106840002', 'SELVIANA BANUL                          ', 'NDIWAR ', 'Tidak', 'SMP', '2', '2000000', 'Tidak', '38'),
(160, '5310154404810001', 'SERINA MAMUN                          ', 'NDIWAR ', 'Tidak', 'Tidak Sekolah', '4', '800000', 'Tidak', '41'),
(161, '5310155402800001', 'SISILIA DOSI                            ', 'NDIWAR ', 'Tidak', 'Tidak Sekolah', '1', '3000000', 'Tidak', '42'),
(162, '5310154107500004', 'SISILIA HALIMA                          ', 'NDIWAR ', 'Tidak', 'Tidak Sekolah', '5', '-', 'Ringan', '72'),
(163, '5310154403730002', 'SISILIA MIDAN                           ', 'NDIWAR ', 'Tidak', 'SMA', '3', '400000', 'Tidak', '49'),
(164, '5310155802780001', 'SISILIA SAINA                           ', 'NDIWAR ', 'Tidak', 'SMA', '4', '650000', 'Tidak', '44'),
(165, '5310156406680001', 'SISILIA UMUT                            ', 'NDIWAR ', 'Tidak', 'SD', '2', '900000', 'Tidak', '66'),
(166, '5310154507710002', 'SISILIA UWUL                            ', 'NDIWAR ', 'Tidak', 'SMA', '1', '900000', 'Tidak', '45'),
(167, '5310156302860001', 'SISKA NAUS                            ', 'NDIWAR ', 'Tidak', 'SD', '4', '200000', 'Tidak', '36'),
(168, '5310156111700001', 'SOFIA GAMUL                             ', 'NDIWAR ', 'Tidak', 'SMP', '4', '540000', 'Tidak', '52'),
(169, '5310154107760007', 'SOFIA NGANUT                            ', 'NDIWAR ', 'Tidak', 'SMA', '1', '900000', 'Tidak', '40'),
(170, '5310156701650001', 'SUSANA DANUL                            ', 'NDIWAR ', 'Tidak', 'SD', '7', '770000', 'Tidak', '57'),
(171, '5310150107600003', 'TADEUS JEHATU                         ', 'NDIWAR ', 'Tidak', 'Tidak Sekolah', '2', '-', 'Tidak', '62'),
(172, '5310155503680003', 'TERESIA SINAR                           ', 'NDIWAR ', 'Tidak', 'Tidak Sekolah', '3', NULL, 'Tidak', '54'),
(173, '5310155901640001', 'THEODORA ALUS                           ', 'NDIWAR ', 'Tidak', 'SD', '2', '800000', 'Tidak', '58'),
(174, '5310156503790001', 'VALERIA JUNI                            ', 'NDIWAR ', 'Tidak', 'Tidak Sekolah', '2', '3000000', 'Tidak', '43'),
(175, '5310154502690001', 'VERONIKA ALUT                           ', 'NDIWAR ', 'Tidak', 'SD', '3', '600000', 'Tidak', '53'),
(176, '5310156510660001', 'VERONIKA DANUL                          ', 'NDIWAR ', 'Tidak', 'SMA', '1', '1400000', 'Tidak', '56'),
(177, '5310154505750001', 'VERONIKA HUMUS                          ', 'NDIWAR ', 'Tidak', 'SMP', '2', '2000000', 'Tidak', '47'),
(178, '5310156205890001', 'VERONIKA VENA SINAR                   ', 'NDIWAR ', 'Tidak', 'SD', '5', '900000', 'Tidak', '33'),
(179, '5310154107670014', 'VIKTORIA ECI                            ', 'NDIWAR ', 'Tidak', 'SMP', '2', '1000000', 'Tidak', '55'),
(180, '5310155807840001', 'VIRGULA UJUT                            ', 'NDIWAR ', 'Tidak', 'SD', '5', '500000', 'Tidak', '38'),
(181, '5310155202480001', 'WIHELMINA DANUR                         ', 'NDIWAR ', 'Tidak', 'Tidak Sekolah', '5', '-', 'Tidak', '74'),
(182, '5310154103720001', 'WIHELMINA DAUL                          ', 'NDIWAR ', 'Tidak', 'SMP', '3', '1500000', 'Tidak', '50'),
(183, '5310154911770002', 'WIHELMINA HUEL                          ', 'NDIWAR ', 'Tidak', 'SMA', '4', '1000000', 'Tidak', '44'),
(184, '5310155208620001', 'WIHELMINA JAJUL                         ', 'NDIWAR ', 'Tidak', 'SMA', '3', '-', 'Tidak', '60'),
(185, '5310154403790001', 'WIHELMINA UNUNG                         ', 'NDIWAR ', 'Tidak', 'SD', '5', '680000', 'Tidak', '43'),
(186, '5310154901780001', 'YASINTA JIMUN                           ', 'NDIWAR ', 'Tidak', 'Tidak Sekolah', '4', '3000000', 'Tidak', '44'),
(187, '5310150302460001', 'YOHANES NAGEL                           ', 'NDIWAR ', 'Tidak', 'SMA', '1', '-', 'Ringan', '76'),
(188, '5310154504770001', 'YOSEFINA ANUL                           ', 'NDIWAR ', 'Tidak', 'SMP', '2', '500000', 'Tidak', '52'),
(189, '5310155006780001', 'YOSEFINA SAMUNG                         ', 'NDIWAR ', 'Tidak', 'SMA', '4', '1000000', 'Tidak', '45'),
(190, '5310155510750002', 'YOVITA IMA                              ', 'NDIWAR ', 'Tidak', 'SMP', '2', '900000', 'Tidak', '47'),
(191, '5310156703870001', 'YOVITA NANUT                          ', 'NDIWAR ', 'Tidak', 'Tidak Sekolah', '1', NULL, 'Tidak', '35'),
(192, '5310156304600001', 'YULIANA JANUR                           ', 'NDIWAR ', 'Tidak', 'Tidak Sekolah', '4', '-', 'Tidak', '62'),
(193, '5310155403400001', 'YULIANA NAMOS                           ', 'NDIWAR ', 'Tidak', 'Tidak Sekolah', '0', '-', 'Berat', '82'),
(194, '5310156510700001', 'YULIANA WANUL                           ', 'NDIWAR ', 'Tidak', 'SMA', '4', NULL, 'Tidak', '52'),
(195, '5310154706730002', 'YULTIANA JENUT                          ', 'NDIWAR ', 'Tidak', 'SMA', '3', '800000', 'Tidak', '48'),
(196, '5310156003890001', 'YUSTINA GIMAN                         ', 'NDIWAR ', 'Tidak', 'SD', '4', '200000', 'Tidak', '33'),
(197, '5310155111830001', 'YUSTINA GINUR                           ', 'NDIWAR ', 'Tidak', 'SD', '1', '2000000', 'Tidak', '39'),
(198, '5310156406880001', 'YUSTINA IMA                             ', 'NDIWAR ', 'Tidak', 'SMP', '1', '2000000', 'Tidak', '34'),
(199, '5310154108770001', 'YUSTINA JEMINA                          ', 'NDIWAR ', 'Tidak', 'Tidak Sekolah', '2', '1000000', 'Tidak', '45'),
(200, '5310154606820001', 'YUSTINA JETIU                           ', 'NDIWAR ', 'Tidak', 'SMA', '5', '1000000', 'Tidak', '38'),
(201, '5310154106760001', 'YUSTINA NIHUL                           ', 'NDIWAR ', 'Tidak', 'SD', '6', '600000', 'Tidak', '46'),
(202, '5310150107670004', 'ZAKARIAS JATUR                          ', 'NDIWAR ', 'Tidak', 'SMP', '3', '800000', 'Tidak', '55');

-- --------------------------------------------------------

--
-- Table structure for table `tb_kriteria`
--

CREATE TABLE `tb_kriteria` (
  `id_kri` int(11) NOT NULL,
  `kode_kri` int(11) NOT NULL,
  `nama_kri` varchar(50) NOT NULL
) ENGINE=InnoDB DEFAULT CHARSET=utf8mb4;

--
-- Dumping data for table `tb_kriteria`
--

INSERT INTO `tb_kriteria` (`id_kri`, `kode_kri`, `nama_kri`) VALUES
(5, 1, 'IH'),
(6, 2, 'Pend'),
(7, 3, 'Tang'),
(8, 4, 'Peng'),
(9, 5, 'Diss'),
(10, 6, 'Usia');

-- --------------------------------------------------------

--
-- Table structure for table `tb_subkri`
--

CREATE TABLE `tb_subkri` (
  `id_sub` int(11) NOT NULL,
  `id_kri` int(11) NOT NULL,
  `kriteria` varchar(50) NOT NULL,
  `dari` int(11) NOT NULL,
  `sampai` int(11) NOT NULL
) ENGINE=InnoDB DEFAULT CHARSET=utf8mb4;

--
-- Dumping data for table `tb_subkri`
--

INSERT INTO `tb_subkri` (`id_sub`, `id_kri`, `kriteria`, `dari`, `sampai`) VALUES
(2, 2, 'Ducimus mollitia as', 0, 0),
(3, 4, 'Rem in sed enim seda', 0, 0),
(4, 5, '>27', 0, 0),
(5, 5, '20-27', 0, 0),
(6, 5, '14-20', 0, 0),
(7, 5, '7--13', 0, 0),
(8, 5, '0-6', 0, 0),
(9, 6, 'Belum wajib belajar 12 tahun', 0, 0),
(10, 6, 'SD/SMP/SMA', 0, 0),
(11, 6, 'Tidak Sekolah', 0, 0),
(12, 7, '>5 anak', 0, 0),
(13, 7, '4 Anak', 0, 0),
(14, 7, '2-3 anak', 0, 0),
(15, 7, '1 anak', 0, 0),
(16, 7, 'Tidak punya anak', 0, 0),
(17, 8, '<400.000', 0, 0),
(18, 8, '400.000  800.000', 0, 0),
(19, 8, '800.000-1.200.000', 0, 0),
(20, 8, '1.200.000-1.600.000', 0, 0),
(21, 8, '>1.600.000', 0, 0),
(22, 9, 'Cacat Total', 0, 0),
(23, 9, 'Cacat', 0, 0),
(24, 9, 'Cacat Ringan', 0, 0),
(25, 10, 'Lanjut Usia >= 60 Tahun', 0, 0),
(26, 10, '45  59 Tahun', 0, 0),
(27, 10, '30  44 Tahun', 0, 0),
(28, 10, '15- 29 Tahun', 0, 0),
(29, 10, '< 14 Tahun', 0, 0);

-- --------------------------------------------------------

--
-- Table structure for table `users`
--

CREATE TABLE `users` (
  `id` bigint(20) UNSIGNED NOT NULL,
  `name` varchar(255) COLLATE utf8mb4_unicode_ci NOT NULL,
  `email` varchar(255) COLLATE utf8mb4_unicode_ci NOT NULL,
  `email_verified_at` timestamp NULL DEFAULT NULL,
  `password` varchar(255) COLLATE utf8mb4_unicode_ci NOT NULL,
  `remember_token` varchar(100) COLLATE utf8mb4_unicode_ci DEFAULT NULL,
  `created_at` timestamp NULL DEFAULT NULL,
  `updated_at` timestamp NULL DEFAULT NULL
) ENGINE=InnoDB DEFAULT CHARSET=utf8mb4 COLLATE=utf8mb4_unicode_ci;

--
-- Dumping data for table `users`
--

INSERT INTO `users` (`id`, `name`, `email`, `email_verified_at`, `password`, `remember_token`, `created_at`, `updated_at`) VALUES
(1, 'Velma Koepp MD', 'super@admin.com', '2022-12-28 09:27:56', '$2y$10$92IXUNpkjO0rOQ5byMi.Ye4oKoEa3Ro9llC/.og/at2.uheWG/igi', 'Ej7TelJyTH0w6Rk4KgTIp3rOyIlceUemwpkJVR9oxWRyuEbVpHrwqIDR5iD1', '2022-12-28 09:27:56', '2022-12-28 09:27:56');

-- --------------------------------------------------------

--
-- Table structure for table `value_pembobotans`
--

CREATE TABLE `value_pembobotans` (
  `id` bigint(20) UNSIGNED NOT NULL,
  `pembobotan_id` bigint(20) UNSIGNED NOT NULL,
  `x_kriteria_id` bigint(20) UNSIGNED NOT NULL,
  `y_kriteria_id` bigint(20) UNSIGNED NOT NULL,
  `value` double NOT NULL,
  `created_at` timestamp NULL DEFAULT NULL,
  `updated_at` timestamp NULL DEFAULT NULL
) ENGINE=InnoDB DEFAULT CHARSET=utf8mb4 COLLATE=utf8mb4_unicode_ci;

--
-- Dumping data for table `value_pembobotans`
--

INSERT INTO `value_pembobotans` (`id`, `pembobotan_id`, `x_kriteria_id`, `y_kriteria_id`, `value`, `created_at`, `updated_at`) VALUES
(1, 1, 5, 5, 1, '2022-11-27 08:17:50', '2022-11-27 08:17:50'),
(2, 1, 5, 6, 0.1428571429, '2022-11-27 08:17:50', '2022-11-27 08:17:50'),
(3, 1, 5, 7, 0.2, '2022-11-27 08:17:50', '2022-11-27 08:17:50'),
(4, 1, 5, 8, 1, '2022-11-27 08:17:50', '2022-11-27 08:17:50'),
(5, 1, 5, 9, 1, '2022-11-27 08:17:50', '2022-11-27 08:17:50'),
(6, 1, 5, 10, 0.2, '2022-11-27 08:17:50', '2022-11-27 08:17:50'),
(7, 2, 6, 5, 7, '2022-11-27 08:17:50', '2022-11-27 08:17:50'),
(8, 2, 6, 6, 1, '2022-11-27 08:17:50', '2022-11-27 08:17:50'),
(9, 2, 6, 7, 1, '2022-11-27 08:17:50', '2022-11-27 08:17:50'),
(10, 2, 6, 8, 1, '2022-11-27 08:17:50', '2022-11-27 08:17:50'),
(11, 2, 6, 9, 5, '2022-11-27 08:17:50', '2022-11-27 08:17:50'),
(12, 2, 6, 10, 1, '2022-11-27 08:17:50', '2022-11-27 08:17:50'),
(13, 3, 7, 5, 5, '2022-11-27 08:17:50', '2022-11-27 08:17:50'),
(14, 3, 7, 6, 1, '2022-11-27 08:17:50', '2022-11-27 08:17:50'),
(15, 3, 7, 7, 1, '2022-11-27 08:17:50', '2022-11-27 08:17:50'),
(16, 3, 7, 8, 1, '2022-11-27 08:17:50', '2022-11-27 08:17:50'),
(17, 3, 7, 9, 3, '2022-11-27 08:17:50', '2022-11-27 08:17:50'),
(18, 3, 7, 10, 0.33333333333, '2022-11-27 08:17:50', '2022-11-27 08:17:50'),
(19, 4, 8, 5, 1, '2022-11-27 08:17:50', '2022-11-27 08:17:50'),
(20, 4, 8, 6, 1, '2022-11-27 08:17:50', '2022-11-27 08:17:50'),
(21, 4, 8, 7, 1, '2022-11-27 08:17:50', '2022-11-27 08:17:50'),
(22, 4, 8, 8, 1, '2022-11-27 08:17:50', '2022-11-27 08:17:50'),
(23, 4, 8, 9, 3, '2022-11-27 08:17:50', '2022-11-27 08:17:50'),
(24, 4, 8, 10, 1, '2022-11-27 08:17:50', '2022-11-27 08:17:50'),
(25, 5, 9, 5, 1, '2022-11-27 08:17:50', '2022-11-27 08:17:50'),
(26, 5, 9, 6, 0.2, '2022-11-27 08:17:50', '2022-11-27 08:17:50'),
(27, 5, 9, 7, 0.3333333333, '2022-11-27 08:17:50', '2022-11-27 08:17:50'),
(28, 5, 9, 8, 0.3333333333, '2022-11-27 08:17:50', '2022-11-27 08:17:50'),
(29, 5, 9, 9, 1, '2022-11-27 08:17:50', '2022-11-27 08:17:50'),
(30, 5, 9, 10, 0.2, '2022-11-27 08:17:50', '2022-11-27 08:17:50'),
(31, 6, 10, 5, 5, '2022-11-27 08:17:51', '2022-11-27 08:17:51'),
(32, 6, 10, 6, 1, '2022-11-27 08:17:51', '2022-11-27 08:17:51'),
(33, 6, 10, 7, 3, '2022-11-27 08:17:51', '2022-11-27 08:17:51'),
(34, 6, 10, 8, 1, '2022-11-27 08:17:51', '2022-11-27 08:17:51'),
(35, 6, 10, 9, 5, '2022-11-27 08:17:51', '2022-11-27 08:17:51'),
(36, 6, 10, 10, 1, '2022-11-27 08:17:51', '2022-11-27 08:17:51');

-- --------------------------------------------------------

--
-- Table structure for table `value_pembobotan_subs`
--

CREATE TABLE `value_pembobotan_subs` (
  `id` bigint(20) UNSIGNED NOT NULL,
  `pembobotan_sub_id` bigint(20) UNSIGNED NOT NULL,
  `x_kriteria_id` bigint(20) UNSIGNED NOT NULL,
  `y_kriteria_id` bigint(20) UNSIGNED NOT NULL,
  `value` double(8,2) NOT NULL,
  `created_at` timestamp NULL DEFAULT NULL,
  `updated_at` timestamp NULL DEFAULT NULL
) ENGINE=InnoDB DEFAULT CHARSET=utf8mb4 COLLATE=utf8mb4_unicode_ci;

--
-- Dumping data for table `value_pembobotan_subs`
--

INSERT INTO `value_pembobotan_subs` (`id`, `pembobotan_sub_id`, `x_kriteria_id`, `y_kriteria_id`, `value`, `created_at`, `updated_at`) VALUES
(1, 1, 4, 4, 1.00, '2022-11-27 07:50:22', '2022-11-27 07:50:22'),
(2, 1, 4, 5, 1.00, '2022-11-27 07:50:22', '2022-11-27 07:50:22'),
(3, 1, 4, 6, 0.20, '2022-11-27 07:50:22', '2022-11-27 07:50:22'),
(4, 1, 4, 7, 0.14, '2022-11-27 07:50:22', '2022-11-27 07:50:22'),
(5, 1, 4, 8, 0.20, '2022-11-27 07:50:22', '2022-11-27 07:50:22'),
(6, 2, 5, 4, 1.00, '2022-11-27 07:50:22', '2022-11-27 07:50:22'),
(7, 2, 5, 5, 1.00, '2022-11-27 07:50:22', '2022-11-27 07:50:22'),
(8, 2, 5, 6, 1.00, '2022-11-27 07:50:22', '2022-11-27 07:50:22'),
(9, 2, 5, 7, 0.20, '2022-11-27 07:50:22', '2022-11-27 07:50:22'),
(10, 2, 5, 8, 0.14, '2022-11-27 07:50:22', '2022-11-27 07:50:22'),
(11, 3, 6, 4, 5.00, '2022-11-27 07:50:22', '2022-11-27 07:50:22'),
(12, 3, 6, 5, 1.00, '2022-11-27 07:50:22', '2022-11-27 07:50:22'),
(13, 3, 6, 6, 1.00, '2022-11-27 07:50:22', '2022-11-27 07:50:22'),
(14, 3, 6, 7, 0.20, '2022-11-27 07:50:22', '2022-11-27 07:50:22'),
(15, 3, 6, 8, 0.20, '2022-11-27 07:50:22', '2022-11-27 07:50:22'),
(16, 4, 7, 4, 7.00, '2022-11-27 07:50:22', '2022-11-27 07:50:22'),
(17, 4, 7, 5, 5.00, '2022-11-27 07:50:22', '2022-11-27 07:50:22'),
(18, 4, 7, 6, 5.00, '2022-11-27 07:50:22', '2022-11-27 07:50:22'),
(19, 4, 7, 7, 1.00, '2022-11-27 07:50:22', '2022-11-27 07:50:22'),
(20, 4, 7, 8, 1.00, '2022-11-27 07:50:22', '2022-11-27 07:50:22'),
(21, 5, 8, 4, 5.00, '2022-11-27 07:50:22', '2022-11-27 07:50:22'),
(22, 5, 8, 5, 7.00, '2022-11-27 07:50:22', '2022-11-27 07:50:22'),
(23, 5, 8, 6, 5.00, '2022-11-27 07:50:22', '2022-11-27 07:50:22'),
(24, 5, 8, 7, 1.00, '2022-11-27 07:50:22', '2022-11-27 07:50:22'),
(25, 5, 8, 8, 1.00, '2022-11-27 07:50:22', '2022-11-27 07:50:22'),
(26, 6, 17, 17, 1.00, '2022-12-13 11:19:17', '2022-12-13 11:19:17'),
(27, 6, 17, 18, 1.00, '2022-12-13 11:19:17', '2022-12-13 11:19:17'),
(28, 6, 17, 19, 0.33, '2022-12-13 11:19:17', '2022-12-13 11:19:17'),
(29, 6, 17, 20, 0.14, '2022-12-13 11:19:17', '2022-12-13 11:19:17'),
(30, 6, 17, 21, 0.20, '2022-12-13 11:19:17', '2022-12-13 11:19:17'),
(31, 7, 18, 17, 1.00, '2022-12-13 11:19:17', '2022-12-13 11:19:17'),
(32, 7, 18, 18, 1.00, '2022-12-13 11:19:17', '2022-12-13 11:19:17'),
(33, 7, 18, 19, 1.00, '2022-12-13 11:19:17', '2022-12-13 11:19:17'),
(34, 7, 18, 20, 1.00, '2022-12-13 11:19:17', '2022-12-13 11:19:17'),
(35, 7, 18, 21, 0.33, '2022-12-13 11:19:17', '2022-12-13 11:19:17'),
(36, 8, 19, 17, 3.00, '2022-12-13 11:19:17', '2022-12-13 11:19:17'),
(37, 8, 19, 18, 1.00, '2022-12-13 11:19:17', '2022-12-13 11:19:17'),
(38, 8, 19, 19, 1.00, '2022-12-13 11:19:17', '2022-12-13 11:19:17'),
(39, 8, 19, 20, 1.00, '2022-12-13 11:19:17', '2022-12-13 11:19:17'),
(40, 8, 19, 21, 0.33, '2022-12-13 11:19:17', '2022-12-13 11:19:17'),
(41, 9, 20, 17, 7.00, '2022-12-13 11:19:17', '2022-12-13 11:19:17'),
(42, 9, 20, 18, 1.00, '2022-12-13 11:19:17', '2022-12-13 11:19:17'),
(43, 9, 20, 19, 1.00, '2022-12-13 11:19:17', '2022-12-13 11:19:17'),
(44, 9, 20, 20, 1.00, '2022-12-13 11:19:17', '2022-12-13 11:19:17'),
(45, 9, 20, 21, 1.00, '2022-12-13 11:19:17', '2022-12-13 11:19:17'),
(46, 10, 21, 17, 5.00, '2022-12-13 11:19:17', '2022-12-13 11:19:17'),
(47, 10, 21, 18, 3.00, '2022-12-13 11:19:17', '2022-12-13 11:19:17'),
(48, 10, 21, 19, 3.00, '2022-12-13 11:19:17', '2022-12-13 11:19:17'),
(49, 10, 21, 20, 1.00, '2022-12-13 11:19:17', '2022-12-13 11:19:17'),
(50, 10, 21, 21, 1.00, '2022-12-13 11:19:17', '2022-12-13 11:19:17'),
(51, 11, 12, 12, 1.00, '2022-12-13 11:27:41', '2022-12-13 11:27:41'),
(52, 11, 12, 13, 1.00, '2022-12-13 11:27:41', '2022-12-13 11:27:41'),
(53, 11, 12, 14, 0.20, '2022-12-13 11:27:41', '2022-12-13 11:27:41'),
(54, 11, 12, 15, 0.14, '2022-12-13 11:27:41', '2022-12-13 11:27:41'),
(55, 11, 12, 16, 0.14, '2022-12-13 11:27:41', '2022-12-13 11:27:41'),
(56, 12, 13, 12, 1.00, '2022-12-13 11:27:41', '2022-12-13 11:27:41'),
(57, 12, 13, 13, 1.00, '2022-12-13 11:27:41', '2022-12-13 11:27:41'),
(58, 12, 13, 14, 0.20, '2022-12-13 11:27:42', '2022-12-13 11:27:42'),
(59, 12, 13, 15, 0.14, '2022-12-13 11:27:42', '2022-12-13 11:27:42'),
(60, 12, 13, 16, 0.14, '2022-12-13 11:27:42', '2022-12-13 11:27:42'),
(61, 13, 14, 12, 5.00, '2022-12-13 11:27:42', '2022-12-13 11:27:42'),
(62, 13, 14, 13, 5.00, '2022-12-13 11:27:42', '2022-12-13 11:27:42'),
(63, 13, 14, 14, 1.00, '2022-12-13 11:27:42', '2022-12-13 11:27:42'),
(64, 13, 14, 15, 1.00, '2022-12-13 11:27:42', '2022-12-13 11:27:42'),
(65, 13, 14, 16, 0.20, '2022-12-13 11:27:42', '2022-12-13 11:27:42'),
(66, 14, 15, 12, 7.00, '2022-12-13 11:27:42', '2022-12-13 11:27:42'),
(67, 14, 15, 13, 7.00, '2022-12-13 11:27:42', '2022-12-13 11:27:42'),
(68, 14, 15, 14, 1.00, '2022-12-13 11:27:42', '2022-12-13 11:27:42'),
(69, 14, 15, 15, 1.00, '2022-12-13 11:27:42', '2022-12-13 11:27:42'),
(70, 14, 15, 16, 1.00, '2022-12-13 11:27:42', '2022-12-13 11:27:42'),
(71, 15, 16, 12, 7.00, '2022-12-13 11:27:42', '2022-12-13 11:27:42'),
(72, 15, 16, 13, 7.00, '2022-12-13 11:27:42', '2022-12-13 11:27:42'),
(73, 15, 16, 14, 5.00, '2022-12-13 11:27:42', '2022-12-13 11:27:42'),
(74, 15, 16, 15, 1.00, '2022-12-13 11:27:42', '2022-12-13 11:27:42'),
(75, 15, 16, 16, 1.00, '2022-12-13 11:27:42', '2022-12-13 11:27:42'),
(76, 16, 9, 9, 1.00, '2022-12-13 11:48:27', '2022-12-13 11:48:27'),
(77, 16, 9, 10, 0.33, '2022-12-13 11:48:27', '2022-12-13 11:48:27'),
(78, 16, 9, 11, 0.14, '2022-12-13 11:48:27', '2022-12-13 11:48:27'),
(79, 17, 10, 9, 3.00, '2022-12-13 11:48:27', '2022-12-13 11:48:27'),
(80, 17, 10, 10, 1.00, '2022-12-13 11:48:27', '2022-12-13 11:48:27'),
(81, 17, 10, 11, 0.33, '2022-12-13 11:48:27', '2022-12-13 11:48:27'),
(82, 18, 11, 9, 7.00, '2022-12-13 11:48:27', '2022-12-13 11:48:27'),
(83, 18, 11, 10, 3.00, '2022-12-13 11:48:27', '2022-12-13 11:48:27'),
(84, 18, 11, 11, 1.00, '2022-12-13 11:48:27', '2022-12-13 11:48:27'),
(85, 19, 22, 22, 1.00, '2022-12-15 06:09:31', '2022-12-15 06:09:31'),
(86, 19, 22, 23, 0.33, '2022-12-15 06:09:31', '2022-12-15 06:09:31'),
(87, 19, 22, 24, 0.14, '2022-12-15 06:09:31', '2022-12-15 06:09:31'),
(88, 20, 23, 22, 3.00, '2022-12-15 06:09:31', '2022-12-15 06:09:31'),
(89, 20, 23, 23, 1.00, '2022-12-15 06:09:31', '2022-12-15 06:09:31'),
(90, 20, 23, 24, 0.20, '2022-12-15 06:09:31', '2022-12-15 06:09:31'),
(91, 21, 24, 22, 7.00, '2022-12-15 06:09:31', '2022-12-15 06:09:31'),
(92, 21, 24, 23, 5.00, '2022-12-15 06:09:31', '2022-12-15 06:09:31'),
(93, 21, 24, 24, 1.00, '2022-12-15 06:09:31', '2022-12-15 06:09:31'),
(94, 22, 25, 25, 1.00, '2022-12-15 06:11:25', '2022-12-15 06:11:25'),
(95, 22, 25, 26, 1.00, '2022-12-15 06:11:25', '2022-12-15 06:11:25'),
(96, 22, 25, 27, 0.33, '2022-12-15 06:11:25', '2022-12-15 06:11:25'),
(97, 22, 25, 28, 0.14, '2022-12-15 06:11:25', '2022-12-15 06:11:25'),
(98, 22, 25, 29, 0.14, '2022-12-15 06:11:25', '2022-12-15 06:11:25'),
(99, 23, 26, 25, 1.00, '2022-12-15 06:11:25', '2022-12-15 06:11:25'),
(100, 23, 26, 26, 1.00, '2022-12-15 06:11:25', '2022-12-15 06:11:25'),
(101, 23, 26, 27, 1.00, '2022-12-15 06:11:25', '2022-12-15 06:11:25'),
(102, 23, 26, 28, 0.20, '2022-12-15 06:11:25', '2022-12-15 06:11:25'),
(103, 23, 26, 29, 0.14, '2022-12-15 06:11:25', '2022-12-15 06:11:25'),
(104, 24, 27, 25, 3.00, '2022-12-15 06:11:25', '2022-12-15 06:11:25'),
(105, 24, 27, 26, 1.00, '2022-12-15 06:11:25', '2022-12-15 06:11:25'),
(106, 24, 27, 27, 1.00, '2022-12-15 06:11:25', '2022-12-15 06:11:25'),
(107, 24, 27, 28, 1.00, '2022-12-15 06:11:25', '2022-12-15 06:11:25'),
(108, 24, 27, 29, 0.20, '2022-12-15 06:11:25', '2022-12-15 06:11:25'),
(109, 25, 28, 25, 7.00, '2022-12-15 06:11:25', '2022-12-15 06:11:25'),
(110, 25, 28, 26, 5.00, '2022-12-15 06:11:25', '2022-12-15 06:11:25'),
(111, 25, 28, 27, 1.00, '2022-12-15 06:11:25', '2022-12-15 06:11:25'),
(112, 25, 28, 28, 1.00, '2022-12-15 06:11:25', '2022-12-15 06:11:25'),
(113, 25, 28, 29, 1.00, '2022-12-15 06:11:25', '2022-12-15 06:11:25'),
(114, 26, 29, 25, 7.00, '2022-12-15 06:11:25', '2022-12-15 06:11:25'),
(115, 26, 29, 26, 7.00, '2022-12-15 06:11:25', '2022-12-15 06:11:25'),
(116, 26, 29, 27, 5.00, '2022-12-15 06:11:25', '2022-12-15 06:11:25'),
(117, 26, 29, 28, 1.00, '2022-12-15 06:11:25', '2022-12-15 06:11:25'),
(118, 26, 29, 29, 1.00, '2022-12-15 06:11:25', '2022-12-15 06:11:25');

--
-- Indexes for dumped tables
--

--
-- Indexes for table `failed_jobs`
--
ALTER TABLE `failed_jobs`
  ADD PRIMARY KEY (`id`),
  ADD UNIQUE KEY `failed_jobs_uuid_unique` (`uuid`);

--
-- Indexes for table `migrations`
--
ALTER TABLE `migrations`
  ADD PRIMARY KEY (`id`);

--
-- Indexes for table `password_resets`
--
ALTER TABLE `password_resets`
  ADD KEY `password_resets_email_index` (`email`);

--
-- Indexes for table `pembobotans`
--
ALTER TABLE `pembobotans`
  ADD PRIMARY KEY (`id`);

--
-- Indexes for table `pembobotan_alternatifs`
--
ALTER TABLE `pembobotan_alternatifs`
  ADD PRIMARY KEY (`id`);

--
-- Indexes for table `pembobotan_lmus`
--
ALTER TABLE `pembobotan_lmus`
  ADD PRIMARY KEY (`id`);

--
-- Indexes for table `pembobotan_lmu_subs`
--
ALTER TABLE `pembobotan_lmu_subs`
  ADD PRIMARY KEY (`id`);

--
-- Indexes for table `pembobotan_subs`
--
ALTER TABLE `pembobotan_subs`
  ADD PRIMARY KEY (`id`);

--
-- Indexes for table `permissions`
--
ALTER TABLE `permissions`
  ADD PRIMARY KEY (`id`);

--
-- Indexes for table `personal_access_tokens`
--
ALTER TABLE `personal_access_tokens`
  ADD PRIMARY KEY (`id`),
  ADD UNIQUE KEY `personal_access_tokens_token_unique` (`token`),
  ADD KEY `personal_access_tokens_tokenable_type_tokenable_id_index` (`tokenable_type`,`tokenable_id`);

--
-- Indexes for table `pkh_records`
--
ALTER TABLE `pkh_records`
  ADD PRIMARY KEY (`id`);

--
-- Indexes for table `roles`
--
ALTER TABLE `roles`
  ADD PRIMARY KEY (`id`);

--
-- Indexes for table `tb_datamasyarakat`
--
ALTER TABLE `tb_datamasyarakat`
  ADD PRIMARY KEY (`id_ms`);

--
-- Indexes for table `tb_kriteria`
--
ALTER TABLE `tb_kriteria`
  ADD PRIMARY KEY (`id_kri`),
  ADD UNIQUE KEY `kode_kri` (`kode_kri`);

--
-- Indexes for table `tb_subkri`
--
ALTER TABLE `tb_subkri`
  ADD PRIMARY KEY (`id_sub`);

--
-- Indexes for table `users`
--
ALTER TABLE `users`
  ADD PRIMARY KEY (`id`),
  ADD UNIQUE KEY `users_email_unique` (`email`);

--
-- Indexes for table `value_pembobotans`
--
ALTER TABLE `value_pembobotans`
  ADD PRIMARY KEY (`id`);

--
-- Indexes for table `value_pembobotan_subs`
--
ALTER TABLE `value_pembobotan_subs`
  ADD PRIMARY KEY (`id`);

--
-- AUTO_INCREMENT for dumped tables
--

--
-- AUTO_INCREMENT for table `failed_jobs`
--
ALTER TABLE `failed_jobs`
  MODIFY `id` bigint(20) UNSIGNED NOT NULL AUTO_INCREMENT;

--
-- AUTO_INCREMENT for table `migrations`
--
ALTER TABLE `migrations`
  MODIFY `id` int(10) UNSIGNED NOT NULL AUTO_INCREMENT, AUTO_INCREMENT=18;

--
-- AUTO_INCREMENT for table `pembobotans`
--
ALTER TABLE `pembobotans`
  MODIFY `id` bigint(20) UNSIGNED NOT NULL AUTO_INCREMENT, AUTO_INCREMENT=7;

--
-- AUTO_INCREMENT for table `pembobotan_alternatifs`
--
ALTER TABLE `pembobotan_alternatifs`
  MODIFY `id` bigint(20) UNSIGNED NOT NULL AUTO_INCREMENT, AUTO_INCREMENT=361;

--
-- AUTO_INCREMENT for table `pembobotan_lmus`
--
ALTER TABLE `pembobotan_lmus`
  MODIFY `id` bigint(20) UNSIGNED NOT NULL AUTO_INCREMENT, AUTO_INCREMENT=289;

--
-- AUTO_INCREMENT for table `pembobotan_lmu_subs`
--
ALTER TABLE `pembobotan_lmu_subs`
  MODIFY `id` bigint(20) UNSIGNED NOT NULL AUTO_INCREMENT, AUTO_INCREMENT=194;

--
-- AUTO_INCREMENT for table `pembobotan_subs`
--
ALTER TABLE `pembobotan_subs`
  MODIFY `id` bigint(20) UNSIGNED NOT NULL AUTO_INCREMENT, AUTO_INCREMENT=27;

--
-- AUTO_INCREMENT for table `permissions`
--
ALTER TABLE `permissions`
  MODIFY `id` bigint(20) UNSIGNED NOT NULL AUTO_INCREMENT;

--
-- AUTO_INCREMENT for table `personal_access_tokens`
--
ALTER TABLE `personal_access_tokens`
  MODIFY `id` bigint(20) UNSIGNED NOT NULL AUTO_INCREMENT;

--
-- AUTO_INCREMENT for table `pkh_records`
--
ALTER TABLE `pkh_records`
  MODIFY `id` bigint(20) UNSIGNED NOT NULL AUTO_INCREMENT, AUTO_INCREMENT=5;

--
-- AUTO_INCREMENT for table `roles`
--
ALTER TABLE `roles`
  MODIFY `id` bigint(20) UNSIGNED NOT NULL AUTO_INCREMENT;

--
-- AUTO_INCREMENT for table `tb_datamasyarakat`
--
ALTER TABLE `tb_datamasyarakat`
  MODIFY `id_ms` int(11) NOT NULL AUTO_INCREMENT, AUTO_INCREMENT=204;

--
-- AUTO_INCREMENT for table `tb_kriteria`
--
ALTER TABLE `tb_kriteria`
  MODIFY `id_kri` int(11) NOT NULL AUTO_INCREMENT, AUTO_INCREMENT=11;

--
-- AUTO_INCREMENT for table `tb_subkri`
--
ALTER TABLE `tb_subkri`
  MODIFY `id_sub` int(11) NOT NULL AUTO_INCREMENT, AUTO_INCREMENT=32;

--
-- AUTO_INCREMENT for table `users`
--
ALTER TABLE `users`
  MODIFY `id` bigint(20) UNSIGNED NOT NULL AUTO_INCREMENT, AUTO_INCREMENT=2;

--
-- AUTO_INCREMENT for table `value_pembobotans`
--
ALTER TABLE `value_pembobotans`
  MODIFY `id` bigint(20) UNSIGNED NOT NULL AUTO_INCREMENT, AUTO_INCREMENT=37;

--
-- AUTO_INCREMENT for table `value_pembobotan_subs`
--
ALTER TABLE `value_pembobotan_subs`
  MODIFY `id` bigint(20) UNSIGNED NOT NULL AUTO_INCREMENT, AUTO_INCREMENT=119;
COMMIT;

/*!40101 SET CHARACTER_SET_CLIENT=@OLD_CHARACTER_SET_CLIENT */;
/*!40101 SET CHARACTER_SET_RESULTS=@OLD_CHARACTER_SET_RESULTS */;
/*!40101 SET COLLATION_CONNECTION=@OLD_COLLATION_CONNECTION */;
