-- phpMyAdmin SQL Dump
-- version 5.1.1
-- https://www.phpmyadmin.net/
--
-- Host: 127.0.0.1
-- Generation Time: Dec 28, 2022 at 05:33 PM
-- Server version: 10.4.22-MariaDB
-- PHP Version: 7.4.27

SET SQL_MODE = "NO_AUTO_VALUE_ON_ZERO";
START TRANSACTION;
SET time_zone = "+00:00";


/*!40101 SET @OLD_CHARACTER_SET_CLIENT=@@CHARACTER_SET_CLIENT */;
/*!40101 SET @OLD_CHARACTER_SET_RESULTS=@@CHARACTER_SET_RESULTS */;
/*!40101 SET @OLD_COLLATION_CONNECTION=@@COLLATION_CONNECTION */;
/*!40101 SET NAMES utf8mb4 */;

--
-- Database: `db_pkh`
--

-- --------------------------------------------------------

--
-- Table structure for table `failed_jobs`
--

CREATE TABLE `failed_jobs` (
  `id` bigint(20) UNSIGNED NOT NULL,
  `uuid` varchar(255) COLLATE utf8mb4_unicode_ci NOT NULL,
  `connection` text COLLATE utf8mb4_unicode_ci NOT NULL,
  `queue` text COLLATE utf8mb4_unicode_ci NOT NULL,
  `payload` longtext COLLATE utf8mb4_unicode_ci NOT NULL,
  `exception` longtext COLLATE utf8mb4_unicode_ci NOT NULL,
  `failed_at` timestamp NOT NULL DEFAULT current_timestamp()
) ENGINE=InnoDB DEFAULT CHARSET=utf8mb4 COLLATE=utf8mb4_unicode_ci;

-- --------------------------------------------------------

--
-- Table structure for table `migrations`
--

CREATE TABLE `migrations` (
  `id` int(10) UNSIGNED NOT NULL,
  `migration` varchar(255) COLLATE utf8mb4_unicode_ci NOT NULL,
  `batch` int(11) NOT NULL
) ENGINE=InnoDB DEFAULT CHARSET=utf8mb4 COLLATE=utf8mb4_unicode_ci;

--
-- Dumping data for table `migrations`
--

INSERT INTO `migrations` (`id`, `migration`, `batch`) VALUES
(1, '2014_10_12_000000_create_users_table', 1),
(2, '2014_10_12_100000_create_password_resets_table', 1),
(3, '2019_08_19_000000_create_failed_jobs_table', 1),
(4, '2019_12_14_000001_create_personal_access_tokens_table', 1),
(5, '2022_11_21_125750_create_roles_table', 1),
(6, '2022_11_21_125823_create_permissions_table', 1),
(7, '2022_11_22_233731_create_pkh_records_table', 1),
(8, '2022_11_26_035116_create_pembobotans_table', 2),
(9, '2022_11_26_035555_create_value_pembobotans_table', 2),
(12, '2022_11_26_085859_create_pembobotan_subs_table', 3),
(13, '2022_11_26_085953_create_value_pembobotan_subs_table', 3),
(14, '2022_11_27_110702_create_pembobotan_lmus_table', 4),
(15, '2022_11_27_142251_create_pembobotan_lmu_subs_table', 5),
(16, '2022_12_13_185655_create_pembobotan_alternatifs_table', 6);

-- --------------------------------------------------------

--
-- Table structure for table `password_resets`
--

CREATE TABLE `password_resets` (
  `email` varchar(255) COLLATE utf8mb4_unicode_ci NOT NULL,
  `token` varchar(255) COLLATE utf8mb4_unicode_ci NOT NULL,
  `created_at` timestamp NULL DEFAULT NULL
) ENGINE=InnoDB DEFAULT CHARSET=utf8mb4 COLLATE=utf8mb4_unicode_ci;

-- --------------------------------------------------------

--
-- Table structure for table `pembobotans`
--

CREATE TABLE `pembobotans` (
  `id` bigint(20) UNSIGNED NOT NULL,
  `kode` bigint(20) NOT NULL,
  `jumlah` double NOT NULL,
  `kriteria_id` bigint(20) UNSIGNED NOT NULL,
  `created_at` timestamp NULL DEFAULT NULL,
  `updated_at` timestamp NULL DEFAULT NULL
) ENGINE=InnoDB DEFAULT CHARSET=utf8mb4 COLLATE=utf8mb4_unicode_ci;

--
-- Dumping data for table `pembobotans`
--

INSERT INTO `pembobotans` (`id`, `kode`, `jumlah`, `kriteria_id`, `created_at`, `updated_at`) VALUES
(1, 1, 3.5428571429, 5, '2022-11-27 08:17:50', '2022-11-27 08:17:50'),
(2, 1, 16, 6, '2022-11-27 08:17:50', '2022-11-27 08:17:50'),
(3, 1, 11.33333333333, 7, '2022-11-27 08:17:50', '2022-11-27 08:17:50'),
(4, 1, 8, 8, '2022-11-27 08:17:50', '2022-11-27 08:17:50'),
(5, 1, 3.0666666665999998, 9, '2022-11-27 08:17:50', '2022-11-27 08:17:50'),
(6, 1, 16, 10, '2022-11-27 08:17:50', '2022-11-27 08:17:50');

-- --------------------------------------------------------

--
-- Table structure for table `pembobotan_alternatifs`
--

CREATE TABLE `pembobotan_alternatifs` (
  `id` bigint(20) UNSIGNED NOT NULL,
  `sub_kriteria_id` bigint(20) UNSIGNED NOT NULL,
  `masyarakat_id` bigint(20) UNSIGNED NOT NULL,
  `l` double NOT NULL,
  `m` double NOT NULL,
  `u` double NOT NULL,
  `created_at` timestamp NULL DEFAULT NULL,
  `updated_at` timestamp NULL DEFAULT NULL
) ENGINE=InnoDB DEFAULT CHARSET=utf8mb4 COLLATE=utf8mb4_unicode_ci;

--
-- Dumping data for table `pembobotan_alternatifs`
--

INSERT INTO `pembobotan_alternatifs` (`id`, `sub_kriteria_id`, `masyarakat_id`, `l`, `m`, `u`, `created_at`, `updated_at`) VALUES
(1, 4, 18, 77, 37, 89, '2022-12-20 16:19:13', '2022-12-27 05:10:44'),
(2, 5, 18, 1, 1, 56, '2022-12-20 16:19:13', '2022-12-27 05:10:44'),
(3, 6, 18, 84, 69, 32, '2022-12-20 16:19:13', '2022-12-27 05:10:44'),
(4, 7, 18, 8, 36, 65, '2022-12-20 16:19:13', '2022-12-27 05:10:44'),
(5, 8, 18, 9, 45, 77, '2022-12-20 16:19:13', '2022-12-27 05:10:44'),
(6, 9, 18, 3, 64, 95, '2022-12-20 16:19:13', '2022-12-27 05:10:44'),
(7, 10, 18, 33, 35, 96, '2022-12-20 16:19:13', '2022-12-27 05:10:44'),
(8, 11, 18, 68, 32, 97, '2022-12-20 16:19:13', '2022-12-27 05:10:44'),
(9, 12, 18, 8, 14, 88, '2022-12-20 16:19:13', '2022-12-27 05:10:44'),
(10, 13, 18, 17, 37, 56, '2022-12-20 16:19:13', '2022-12-27 05:10:44'),
(11, 14, 18, 63, 68, 70, '2022-12-20 16:19:13', '2022-12-27 05:10:44'),
(12, 15, 18, 45, 39, 95, '2022-12-20 16:19:13', '2022-12-27 05:10:44'),
(13, 16, 18, 58, 96, 95, '2022-12-20 16:19:13', '2022-12-27 05:10:44'),
(14, 17, 18, 97, 94, 60, '2022-12-20 16:19:13', '2022-12-27 05:10:44'),
(15, 18, 18, 85, 86, 23, '2022-12-20 16:19:13', '2022-12-27 05:10:44'),
(16, 19, 18, 70, 2, 31, '2022-12-20 16:19:13', '2022-12-27 05:10:44'),
(17, 20, 18, 90, 33, 48, '2022-12-20 16:19:13', '2022-12-27 05:10:44'),
(18, 21, 18, 15, 68, 71, '2022-12-20 16:19:13', '2022-12-27 05:10:44'),
(19, 22, 18, 20, 92, 13, '2022-12-20 16:19:13', '2022-12-27 05:10:44'),
(20, 23, 18, 9, 82, 69, '2022-12-20 16:19:13', '2022-12-27 05:10:44'),
(21, 24, 18, 87, 94, 65, '2022-12-20 16:19:13', '2022-12-27 05:10:44'),
(22, 25, 18, 44, 13, 49, '2022-12-20 16:19:13', '2022-12-27 05:10:44'),
(23, 26, 18, 14, 8, 79, '2022-12-20 16:19:13', '2022-12-27 05:10:44'),
(24, 27, 18, 100, 23, 89, '2022-12-20 16:19:13', '2022-12-27 05:10:44'),
(25, 28, 18, 46, 6, 56, '2022-12-20 16:19:13', '2022-12-27 05:10:44'),
(26, 29, 18, 14, 47, 10, '2022-12-20 16:19:13', '2022-12-27 05:10:44'),
(27, 4, 19, 4, 80, 30, '2022-12-20 16:19:13', '2022-12-27 05:10:44'),
(28, 5, 19, 71, 17, 37, '2022-12-20 16:19:13', '2022-12-27 05:10:44'),
(29, 6, 19, 42, 79, 8, '2022-12-20 16:19:13', '2022-12-27 05:10:44'),
(30, 7, 19, 56, 79, 48, '2022-12-20 16:19:13', '2022-12-27 05:10:44'),
(31, 8, 19, 99, 49, 16, '2022-12-20 16:19:13', '2022-12-27 05:10:44'),
(32, 9, 19, 39, 76, 84, '2022-12-20 16:19:13', '2022-12-27 05:10:44'),
(33, 10, 19, 26, 77, 36, '2022-12-20 16:19:13', '2022-12-27 05:10:44'),
(34, 11, 19, 77, 77, 11, '2022-12-20 16:19:13', '2022-12-27 05:10:44'),
(35, 12, 19, 81, 1, 3, '2022-12-20 16:19:13', '2022-12-27 05:10:44'),
(36, 13, 19, 77, 1, 35, '2022-12-20 16:19:13', '2022-12-27 05:10:44'),
(37, 14, 19, 23, 2, 47, '2022-12-20 16:19:13', '2022-12-27 05:10:44'),
(38, 15, 19, 54, 10, 7, '2022-12-20 16:19:14', '2022-12-27 05:10:44'),
(39, 16, 19, 67, 95, 5, '2022-12-20 16:19:14', '2022-12-27 05:10:44'),
(40, 17, 19, 35, 20, 64, '2022-12-20 16:19:14', '2022-12-27 05:10:44'),
(41, 18, 19, 43, 8, 94, '2022-12-20 16:19:14', '2022-12-27 05:10:44'),
(42, 19, 19, 51, 58, 20, '2022-12-20 16:19:14', '2022-12-27 05:10:44'),
(43, 20, 19, 89, 75, 90, '2022-12-20 16:19:14', '2022-12-27 05:10:44'),
(44, 21, 19, 2, 32, 23, '2022-12-20 16:19:14', '2022-12-27 05:10:44'),
(45, 22, 19, 40, 43, 94, '2022-12-20 16:19:14', '2022-12-27 05:10:44'),
(46, 23, 19, 83, 17, 10, '2022-12-20 16:19:14', '2022-12-27 05:10:44'),
(47, 24, 19, 23, 13, 33, '2022-12-20 16:19:14', '2022-12-27 05:10:44'),
(48, 25, 19, 69, 18, 91, '2022-12-20 16:19:14', '2022-12-27 05:10:44'),
(49, 26, 19, 19, 46, 52, '2022-12-20 16:19:14', '2022-12-27 05:10:44'),
(50, 27, 19, 69, 68, 64, '2022-12-20 16:19:14', '2022-12-27 05:10:44'),
(51, 28, 19, 96, 63, 15, '2022-12-20 16:19:14', '2022-12-27 05:10:44'),
(52, 29, 19, 31, 52, 70, '2022-12-20 16:19:14', '2022-12-27 05:10:44'),
(53, 4, 20, 92, 90, 16, '2022-12-20 16:19:14', '2022-12-27 05:10:44'),
(54, 5, 20, 5, 10, 86, '2022-12-20 16:19:14', '2022-12-27 05:10:44'),
(55, 6, 20, 37, 29, 16, '2022-12-20 16:19:14', '2022-12-27 05:10:44'),
(56, 7, 20, 45, 63, 85, '2022-12-20 16:19:14', '2022-12-27 05:10:44'),
(57, 8, 20, 34, 60, 43, '2022-12-20 16:19:14', '2022-12-27 05:10:44'),
(58, 9, 20, 42, 54, 49, '2022-12-20 16:19:14', '2022-12-27 05:10:44'),
(59, 10, 20, 2, 98, 5, '2022-12-20 16:19:14', '2022-12-27 05:10:44'),
(60, 11, 20, 77, 83, 8, '2022-12-20 16:19:14', '2022-12-27 05:10:44'),
(61, 12, 20, 99, 43, 98, '2022-12-20 16:19:14', '2022-12-27 05:10:44'),
(62, 13, 20, 4, 74, 99, '2022-12-20 16:19:14', '2022-12-27 05:10:44'),
(63, 14, 20, 12, 15, 41, '2022-12-20 16:19:14', '2022-12-27 05:10:44'),
(64, 15, 20, 71, 61, 93, '2022-12-20 16:19:14', '2022-12-27 05:10:44'),
(65, 16, 20, 27, 50, 16, '2022-12-20 16:19:14', '2022-12-27 05:10:44'),
(66, 17, 20, 32, 86, 32, '2022-12-20 16:19:14', '2022-12-27 05:10:44'),
(67, 18, 20, 14, 26, 67, '2022-12-20 16:19:14', '2022-12-27 05:10:44'),
(68, 19, 20, 22, 67, 10, '2022-12-20 16:19:14', '2022-12-27 05:10:44'),
(69, 20, 20, 61, 82, 100, '2022-12-20 16:19:14', '2022-12-27 05:10:44'),
(70, 21, 20, 50, 98, 70, '2022-12-20 16:19:14', '2022-12-27 05:10:44'),
(71, 22, 20, 84, 76, 64, '2022-12-20 16:19:14', '2022-12-27 05:10:44'),
(72, 23, 20, 5, 91, 68, '2022-12-20 16:19:14', '2022-12-27 05:10:44'),
(73, 24, 20, 56, 99, 91, '2022-12-20 16:19:14', '2022-12-27 05:10:44'),
(74, 25, 20, 96, 82, 80, '2022-12-20 16:19:14', '2022-12-27 05:10:44'),
(75, 26, 20, 84, 100, 6, '2022-12-20 16:19:14', '2022-12-27 05:10:44'),
(76, 27, 20, 16, 50, 25, '2022-12-20 16:19:14', '2022-12-27 05:10:44'),
(77, 28, 20, 35, 57, 73, '2022-12-20 16:19:14', '2022-12-27 05:10:44'),
(78, 29, 20, 78, 14, 25, '2022-12-20 16:19:14', '2022-12-27 05:10:44'),
(79, 4, 21, 46, 96, 80, '2022-12-20 16:19:14', '2022-12-27 05:10:44'),
(80, 5, 21, 15, 12, 80, '2022-12-20 16:19:14', '2022-12-27 05:10:44'),
(81, 6, 21, 4, 74, 1, '2022-12-20 16:19:14', '2022-12-27 05:10:44'),
(82, 7, 21, 67, 25, 56, '2022-12-20 16:19:14', '2022-12-27 05:10:44'),
(83, 8, 21, 79, 97, 5, '2022-12-20 16:19:14', '2022-12-27 05:10:44'),
(84, 9, 21, 12, 3, 55, '2022-12-20 16:19:14', '2022-12-27 05:10:44'),
(85, 10, 21, 35, 82, 7, '2022-12-20 16:19:14', '2022-12-27 05:10:44'),
(86, 11, 21, 1, 66, 55, '2022-12-20 16:19:14', '2022-12-27 05:10:44'),
(87, 12, 21, 33, 15, 40, '2022-12-20 16:19:14', '2022-12-27 05:10:44'),
(88, 13, 21, 34, 71, 12, '2022-12-20 16:19:14', '2022-12-27 05:10:44'),
(89, 14, 21, 15, 17, 20, '2022-12-20 16:19:14', '2022-12-27 05:10:45'),
(90, 15, 21, 95, 37, 85, '2022-12-20 16:19:14', '2022-12-27 05:10:45'),
(91, 16, 21, 38, 74, 73, '2022-12-20 16:19:14', '2022-12-27 05:10:45'),
(92, 17, 21, 55, 19, 92, '2022-12-20 16:19:14', '2022-12-27 05:10:45'),
(93, 18, 21, 73, 20, 56, '2022-12-20 16:19:14', '2022-12-27 05:10:45'),
(94, 19, 21, 70, 74, 4, '2022-12-20 16:19:14', '2022-12-27 05:10:45'),
(95, 20, 21, 1, 4, 43, '2022-12-20 16:19:14', '2022-12-27 05:10:45'),
(96, 21, 21, 33, 91, 86, '2022-12-20 16:19:14', '2022-12-27 05:10:45'),
(97, 22, 21, 39, 99, 73, '2022-12-20 16:19:14', '2022-12-27 05:10:45'),
(98, 23, 21, 90, 4, 88, '2022-12-20 16:19:14', '2022-12-27 05:10:45'),
(99, 24, 21, 37, 13, 93, '2022-12-20 16:19:14', '2022-12-27 05:10:45'),
(100, 25, 21, 88, 3, 24, '2022-12-20 16:19:14', '2022-12-27 05:10:45'),
(101, 26, 21, 90, 4, 85, '2022-12-20 16:19:14', '2022-12-27 05:10:45'),
(102, 27, 21, 68, 87, 32, '2022-12-20 16:19:14', '2022-12-27 05:10:45'),
(103, 28, 21, 72, 77, 65, '2022-12-20 16:19:14', '2022-12-27 05:10:45'),
(104, 29, 21, 65, 32, 77, '2022-12-20 16:19:14', '2022-12-27 05:10:45'),
(105, 4, 22, 5, 67, 53, '2022-12-20 16:19:14', '2022-12-27 05:10:45'),
(106, 5, 22, 76, 59, 63, '2022-12-20 16:19:14', '2022-12-27 05:10:45'),
(107, 6, 22, 42, 81, 28, '2022-12-20 16:19:14', '2022-12-27 05:10:45'),
(108, 7, 22, 20, 62, 90, '2022-12-20 16:19:14', '2022-12-27 05:10:45'),
(109, 8, 22, 55, 50, 21, '2022-12-20 16:19:14', '2022-12-27 05:10:45'),
(110, 9, 22, 51, 53, 58, '2022-12-20 16:19:14', '2022-12-27 05:10:45'),
(111, 10, 22, 56, 97, 53, '2022-12-20 16:19:14', '2022-12-27 05:10:45'),
(112, 11, 22, 52, 14, 85, '2022-12-20 16:19:14', '2022-12-27 05:10:45'),
(113, 12, 22, 9, 18, 73, '2022-12-20 16:19:14', '2022-12-27 05:10:45'),
(114, 13, 22, 79, 70, 19, '2022-12-20 16:19:14', '2022-12-27 05:10:45'),
(115, 14, 22, 100, 54, 65, '2022-12-20 16:19:14', '2022-12-27 05:10:45'),
(116, 15, 22, 61, 100, 69, '2022-12-20 16:19:14', '2022-12-27 05:10:45'),
(117, 16, 22, 68, 53, 29, '2022-12-20 16:19:14', '2022-12-27 05:10:45'),
(118, 17, 22, 18, 53, 22, '2022-12-20 16:19:14', '2022-12-27 05:10:45'),
(119, 18, 22, 12, 64, 22, '2022-12-20 16:19:14', '2022-12-27 05:10:45'),
(120, 19, 22, 23, 59, 82, '2022-12-20 16:19:14', '2022-12-27 05:10:45'),
(121, 20, 22, 36, 80, 87, '2022-12-20 16:19:14', '2022-12-27 05:10:45'),
(122, 21, 22, 95, 92, 12, '2022-12-20 16:19:14', '2022-12-27 05:10:45'),
(123, 22, 22, 57, 86, 94, '2022-12-20 16:19:14', '2022-12-27 05:10:45'),
(124, 23, 22, 3, 4, 12, '2022-12-20 16:19:14', '2022-12-27 05:10:45'),
(125, 24, 22, 88, 47, 52, '2022-12-20 16:19:14', '2022-12-27 05:10:45'),
(126, 25, 22, 48, 1, 82, '2022-12-20 16:19:14', '2022-12-27 05:10:45'),
(127, 26, 22, 32, 96, 75, '2022-12-20 16:19:14', '2022-12-27 05:10:45'),
(128, 27, 22, 96, 31, 18, '2022-12-20 16:19:14', '2022-12-27 05:10:45'),
(129, 28, 22, 10, 96, 90, '2022-12-20 16:19:14', '2022-12-27 05:10:45'),
(130, 29, 22, 22, 6, 61, '2022-12-20 16:19:14', '2022-12-27 05:10:45'),
(131, 4, 23, 71, 51, 14, '2022-12-27 03:44:46', '2022-12-27 05:10:45'),
(132, 5, 23, 24, 6, 66, '2022-12-27 03:44:46', '2022-12-27 05:10:45'),
(133, 6, 23, 97, 97, 34, '2022-12-27 03:44:46', '2022-12-27 05:10:45'),
(134, 7, 23, 90, 92, 21, '2022-12-27 03:44:46', '2022-12-27 05:10:45'),
(135, 8, 23, 67, 7, 54, '2022-12-27 03:44:46', '2022-12-27 05:10:45'),
(136, 9, 23, 91, 16, 16, '2022-12-27 03:44:46', '2022-12-27 05:10:45'),
(137, 10, 23, 69, 46, 27, '2022-12-27 03:44:46', '2022-12-27 05:10:45'),
(138, 11, 23, 42, 30, 11, '2022-12-27 03:44:46', '2022-12-27 05:10:45'),
(139, 12, 23, 21, 37, 98, '2022-12-27 03:44:46', '2022-12-27 05:10:45'),
(140, 13, 23, 86, 46, 14, '2022-12-27 03:44:46', '2022-12-27 05:10:45'),
(141, 14, 23, 87, 9, 42, '2022-12-27 03:44:46', '2022-12-27 05:10:45'),
(142, 15, 23, 52, 6, 77, '2022-12-27 03:44:46', '2022-12-27 05:10:45'),
(143, 16, 23, 6, 98, 63, '2022-12-27 03:44:46', '2022-12-27 05:10:45'),
(144, 17, 23, 36, 36, 66, '2022-12-27 03:44:46', '2022-12-27 05:10:45'),
(145, 18, 23, 28, 92, 90, '2022-12-27 03:44:46', '2022-12-27 05:10:45'),
(146, 19, 23, 5, 52, 7, '2022-12-27 03:44:46', '2022-12-27 05:10:45'),
(147, 20, 23, 57, 43, 10, '2022-12-27 03:44:46', '2022-12-27 05:10:45'),
(148, 21, 23, 71, 88, 53, '2022-12-27 03:44:46', '2022-12-27 05:10:45'),
(149, 22, 23, 41, 43, 8, '2022-12-27 03:44:46', '2022-12-27 05:10:45'),
(150, 23, 23, 70, 74, 29, '2022-12-27 03:44:46', '2022-12-27 05:10:45'),
(151, 24, 23, 38, 3, 45, '2022-12-27 03:44:46', '2022-12-27 05:10:45'),
(152, 25, 23, 16, 3, 25, '2022-12-27 03:44:46', '2022-12-27 05:10:45'),
(153, 26, 23, 60, 61, 63, '2022-12-27 03:44:46', '2022-12-27 05:10:45'),
(154, 27, 23, 75, 37, 5, '2022-12-27 03:44:46', '2022-12-27 05:10:45'),
(155, 28, 23, 21, 98, 83, '2022-12-27 03:44:46', '2022-12-27 05:10:45'),
(156, 29, 23, 71, 67, 88, '2022-12-27 03:44:46', '2022-12-27 05:10:45');

-- --------------------------------------------------------

--
-- Table structure for table `pembobotan_lmus`
--

CREATE TABLE `pembobotan_lmus` (
  `id` bigint(20) UNSIGNED NOT NULL,
  `code` bigint(20) NOT NULL,
  `x_kriteria_id` bigint(20) UNSIGNED NOT NULL,
  `y_kriteria_id` bigint(20) UNSIGNED NOT NULL,
  `l` double NOT NULL,
  `m` double NOT NULL,
  `u` double NOT NULL,
  `created_at` timestamp NULL DEFAULT NULL,
  `updated_at` timestamp NULL DEFAULT NULL
) ENGINE=InnoDB DEFAULT CHARSET=utf8mb4 COLLATE=utf8mb4_unicode_ci;

--
-- Dumping data for table `pembobotan_lmus`
--

INSERT INTO `pembobotan_lmus` (`id`, `code`, `x_kriteria_id`, `y_kriteria_id`, `l`, `m`, `u`, `created_at`, `updated_at`) VALUES
(37, 1, 5, 5, 36, 65, 12, NULL, NULL),
(38, 1, 6, 5, 61, 83, 63, NULL, NULL),
(39, 1, 7, 5, 89, 30, 81, NULL, NULL),
(40, 1, 8, 5, 83, 92, 2, NULL, NULL),
(41, 1, 9, 5, 53, 18, 16, NULL, NULL),
(42, 1, 10, 5, 77, 9, 83, NULL, NULL),
(43, 1, 5, 6, 20, 84, 70, NULL, NULL),
(44, 1, 6, 6, 65, 37, 91, NULL, NULL),
(45, 1, 7, 6, 61, 30, 97, NULL, NULL),
(46, 1, 8, 6, 93, 27, 46, NULL, NULL),
(47, 1, 9, 6, 30, 6, 61, NULL, NULL),
(48, 1, 10, 6, 3, 12, 88, NULL, NULL),
(49, 1, 5, 7, 56, 75, 69, NULL, NULL),
(50, 1, 6, 7, 29, 23, 21, NULL, NULL),
(51, 1, 7, 7, 52, 24, 6, NULL, NULL),
(52, 1, 8, 7, 33, 1, 33, NULL, NULL),
(53, 1, 9, 7, 55, 24, 97, NULL, NULL),
(54, 1, 10, 7, 4, 71, 21, NULL, NULL),
(55, 1, 5, 8, 64, 86, 45, NULL, NULL),
(56, 1, 6, 8, 47, 51, 8, NULL, NULL),
(57, 1, 7, 8, 18, 99, 59, NULL, NULL),
(58, 1, 8, 8, 88, 64, 35, NULL, NULL),
(59, 1, 9, 8, 83, 66, 77, NULL, NULL),
(60, 1, 10, 8, 65, 75, 46, NULL, NULL),
(61, 1, 5, 9, 53, 55, 53, NULL, NULL),
(62, 1, 6, 9, 84, 34, 83, NULL, NULL),
(63, 1, 7, 9, 58, 70, 35, NULL, NULL),
(64, 1, 8, 9, 80, 94, 53, NULL, NULL),
(65, 1, 9, 9, 2, 54, 24, NULL, NULL),
(66, 1, 10, 9, 65, 65, 69, NULL, NULL),
(67, 1, 5, 10, 9, 12, 37, NULL, NULL),
(68, 1, 6, 10, 11, 83, 15, NULL, NULL),
(69, 1, 7, 10, 29, 61, 81, NULL, NULL),
(70, 1, 8, 10, 87, 77, 2, NULL, NULL),
(71, 1, 9, 10, 3, 73, 67, NULL, NULL),
(72, 1, 10, 10, 52, 27, 53, NULL, NULL),
(73, 2, 5, 5, 61, 56, 37, NULL, NULL),
(74, 2, 6, 5, 31, 60, 90, NULL, NULL),
(75, 2, 7, 5, 35, 57, 34, NULL, NULL),
(76, 2, 8, 5, 20, 7, 2, NULL, NULL),
(77, 2, 9, 5, 26, 57, 72, NULL, NULL),
(78, 2, 10, 5, 58, 42, 71, NULL, NULL),
(79, 2, 5, 6, 66, 40, 54, NULL, NULL),
(80, 2, 6, 6, 95, 12, 43, NULL, NULL),
(81, 2, 7, 6, 63, 64, 54, NULL, NULL),
(82, 2, 8, 6, 92, 19, 81, NULL, NULL),
(83, 2, 9, 6, 87, 2, 2, NULL, NULL),
(84, 2, 10, 6, 34, 53, 61, NULL, NULL),
(85, 2, 5, 7, 94, 54, 35, NULL, NULL),
(86, 2, 6, 7, 73, 93, 8, NULL, NULL),
(87, 2, 7, 7, 31, 82, 74, NULL, NULL),
(88, 2, 8, 7, 15, 28, 48, NULL, NULL),
(89, 2, 9, 7, 83, 86, 66, NULL, NULL),
(90, 2, 10, 7, 100, 46, 38, NULL, NULL),
(91, 2, 5, 8, 68, 36, 100, NULL, NULL),
(92, 2, 6, 8, 14, 34, 85, NULL, NULL),
(93, 2, 7, 8, 34, 36, 33, NULL, NULL),
(94, 2, 8, 8, 62, 63, 91, NULL, NULL),
(95, 2, 9, 8, 60, 7, 8, NULL, NULL),
(96, 2, 10, 8, 28, 4, 19, NULL, NULL),
(97, 2, 5, 9, 57, 49, 27, NULL, NULL),
(98, 2, 6, 9, 66, 21, 18, NULL, NULL),
(99, 2, 7, 9, 9, 50, 34, NULL, NULL),
(100, 2, 8, 9, 60, 84, 28, NULL, NULL),
(101, 2, 9, 9, 25, 35, 77, NULL, NULL),
(102, 2, 10, 9, 78, 15, 98, NULL, NULL),
(103, 2, 5, 10, 76, 55, 48, NULL, NULL),
(104, 2, 6, 10, 35, 43, 93, NULL, NULL),
(105, 2, 7, 10, 26, 67, 61, NULL, NULL),
(106, 2, 8, 10, 60, 41, 20, NULL, NULL),
(107, 2, 9, 10, 30, 24, 52, NULL, NULL),
(108, 2, 10, 10, 79, 56, 3, NULL, NULL),
(109, 3, 5, 5, 1, 1, 1, NULL, NULL),
(110, 3, 6, 5, 5, 7, 9, NULL, NULL),
(111, 3, 7, 5, 3, 5, 7, NULL, NULL),
(112, 3, 8, 5, 1, 7, 2, NULL, NULL),
(113, 3, 9, 5, 26, 57, 72, NULL, NULL),
(114, 3, 10, 5, 58, 42, 71, NULL, NULL),
(115, 3, 5, 6, 66, 40, 54, NULL, NULL),
(116, 3, 6, 6, 95, 12, 43, NULL, NULL),
(117, 3, 7, 6, 63, 64, 54, NULL, NULL),
(118, 3, 8, 6, 92, 19, 81, NULL, NULL),
(119, 3, 9, 6, 87, 2, 2, NULL, NULL),
(120, 3, 10, 6, 34, 53, 61, NULL, NULL),
(121, 3, 5, 7, 94, 54, 35, NULL, NULL),
(122, 3, 6, 7, 73, 93, 8, NULL, NULL),
(123, 3, 7, 7, 31, 82, 74, NULL, NULL),
(124, 3, 8, 7, 15, 28, 48, NULL, NULL),
(125, 3, 9, 7, 83, 86, 66, NULL, NULL),
(126, 3, 10, 7, 100, 46, 38, NULL, NULL),
(127, 3, 5, 8, 68, 36, 100, NULL, NULL),
(128, 3, 6, 8, 14, 34, 85, NULL, NULL),
(129, 3, 7, 8, 34, 36, 33, NULL, NULL),
(130, 3, 8, 8, 62, 63, 91, NULL, NULL),
(131, 3, 9, 8, 60, 7, 8, NULL, NULL),
(132, 3, 10, 8, 28, 4, 19, NULL, NULL),
(133, 3, 5, 9, 57, 49, 27, NULL, NULL),
(134, 3, 6, 9, 66, 21, 18, NULL, NULL),
(135, 3, 7, 9, 9, 50, 34, NULL, NULL),
(136, 3, 8, 9, 60, 84, 28, NULL, NULL),
(137, 3, 9, 9, 25, 35, 77, NULL, NULL),
(138, 3, 10, 9, 78, 15, 98, NULL, NULL),
(139, 3, 5, 10, 76, 55, 48, NULL, NULL),
(140, 3, 6, 10, 35, 43, 93, NULL, NULL),
(141, 3, 7, 10, 26, 67, 61, NULL, NULL),
(142, 3, 8, 10, 60, 41, 20, NULL, NULL),
(143, 3, 9, 10, 30, 24, 52, NULL, NULL),
(144, 3, 10, 10, 79, 56, 3, NULL, NULL),
(145, 4, 5, 5, 1, 1, 1, NULL, NULL),
(146, 4, 6, 5, 5, 7, 9, NULL, NULL),
(147, 4, 7, 5, 3, 5, 7, NULL, NULL),
(148, 4, 8, 5, 1, 7, 2, NULL, NULL),
(149, 4, 9, 5, 26, 57, 72, NULL, NULL),
(150, 4, 10, 5, 58, 42, 71, NULL, NULL),
(151, 4, 5, 6, 0.1111111111, 40, 54, NULL, NULL),
(152, 4, 6, 6, 95, 12, 43, NULL, NULL),
(153, 4, 7, 6, 63, 64, 54, NULL, NULL),
(154, 4, 8, 6, 92, 19, 81, NULL, NULL),
(155, 4, 9, 6, 87, 2, 2, NULL, NULL),
(156, 4, 10, 6, 34, 53, 61, NULL, NULL),
(157, 4, 5, 7, 0.1428571429, 54, 35, NULL, NULL),
(158, 4, 6, 7, 73, 93, 8, NULL, NULL),
(159, 4, 7, 7, 31, 82, 74, NULL, NULL),
(160, 4, 8, 7, 15, 28, 48, NULL, NULL),
(161, 4, 9, 7, 83, 86, 66, NULL, NULL),
(162, 4, 10, 7, 100, 46, 38, NULL, NULL),
(163, 4, 5, 8, 0.3333333333, 36, 100, NULL, NULL),
(164, 4, 6, 8, 14, 34, 85, NULL, NULL),
(165, 4, 7, 8, 34, 36, 33, NULL, NULL),
(166, 4, 8, 8, 62, 63, 91, NULL, NULL),
(167, 4, 9, 8, 60, 7, 8, NULL, NULL),
(168, 4, 10, 8, 28, 4, 19, NULL, NULL),
(169, 4, 5, 9, 0.3333333333, 49, 27, NULL, NULL),
(170, 4, 6, 9, 66, 21, 18, NULL, NULL),
(171, 4, 7, 9, 9, 50, 34, NULL, NULL),
(172, 4, 8, 9, 60, 84, 28, NULL, NULL),
(173, 4, 9, 9, 25, 35, 77, NULL, NULL),
(174, 4, 10, 9, 78, 15, 98, NULL, NULL),
(175, 4, 5, 10, 0.1428571429, 55, 48, NULL, NULL),
(176, 4, 6, 10, 35, 43, 93, NULL, NULL),
(177, 4, 7, 10, 26, 67, 61, NULL, NULL),
(178, 4, 8, 10, 60, 41, 20, NULL, NULL),
(179, 4, 9, 10, 30, 24, 52, NULL, NULL),
(180, 4, 10, 10, 79, 56, 3, NULL, NULL),
(181, 5, 5, 5, 1, 1, 1, NULL, NULL),
(182, 5, 6, 5, 5, 7, 9, NULL, NULL),
(183, 5, 7, 5, 3, 5, 7, NULL, NULL),
(184, 5, 8, 5, 0.33333333333, 1, 1, NULL, NULL),
(185, 5, 9, 5, 0.3333333333333, 1, 1, NULL, NULL),
(186, 5, 10, 5, 3, 5, 7, NULL, NULL),
(187, 5, 5, 6, 0.1111111111, 0.1428571429, 0.2, NULL, NULL),
(188, 5, 6, 6, 1, 1, 1, NULL, NULL),
(189, 5, 7, 6, 0.3333333333333, 1, 1, NULL, NULL),
(190, 5, 8, 6, 0.333333333333333, 1, 1, NULL, NULL),
(191, 5, 9, 6, 0.1428571429, 0.2, 0.3333333333333, NULL, NULL),
(192, 5, 10, 6, 0.3333333333333, 1, 1, NULL, NULL),
(193, 5, 5, 7, 0.1428571429, 0.2, 0.3333333333333, NULL, NULL),
(194, 5, 6, 7, 0.333333333333, 1, 1, NULL, NULL),
(195, 5, 7, 7, 1, 1, 1, NULL, NULL),
(196, 5, 8, 7, 0.333333333333, 1, 1, NULL, NULL),
(197, 5, 9, 7, 0.2, 0.33333333333, 1, NULL, NULL),
(198, 5, 10, 7, 1, 3, 5, NULL, NULL),
(199, 5, 5, 8, 0.3333333333, 1, 1, NULL, NULL),
(200, 5, 6, 8, 0.333333333, 1, 1, NULL, NULL),
(201, 5, 7, 8, 0.33333333333, 1, 1, NULL, NULL),
(202, 5, 8, 8, 1, 1, 1, NULL, NULL),
(203, 5, 9, 8, 0.2, 0.333333333333, 1, NULL, NULL),
(204, 5, 10, 8, 0.3333333333, 1, 1, NULL, NULL),
(205, 5, 5, 9, 0.3333333333, 1, 1, NULL, NULL),
(206, 5, 6, 9, 3, 5, 7, NULL, NULL),
(207, 5, 7, 9, 1, 3, 5, NULL, NULL),
(208, 5, 8, 9, 1, 3, 5, NULL, NULL),
(209, 5, 9, 9, 1, 1, 1, NULL, NULL),
(210, 5, 10, 9, 3, 5, 7, NULL, NULL),
(211, 5, 5, 10, 0.1428571429, 0.2, 0.33333, NULL, NULL),
(212, 5, 6, 10, 0.33333, 1, 1, NULL, NULL),
(213, 5, 7, 10, 0.2, 0.3333333, 1, NULL, NULL),
(214, 5, 8, 10, 1, 1, 20, NULL, NULL),
(215, 5, 9, 10, 0.1428571429, 0.2, 0.3333333333333, NULL, NULL),
(216, 5, 10, 10, 1, 1, 1, NULL, NULL),
(217, 6, 5, 5, 1, 1, 1, NULL, NULL),
(218, 6, 6, 5, 5, 7, 9, NULL, NULL),
(219, 6, 7, 5, 3, 5, 7, NULL, NULL),
(220, 6, 8, 5, 0.33333333333, 1, 1, NULL, NULL),
(221, 6, 9, 5, 0.3333333333333, 1, 1, NULL, NULL),
(222, 6, 10, 5, 3, 5, 7, NULL, NULL),
(223, 6, 5, 6, 0.1111111111, 0.1428571429, 0.2, NULL, NULL),
(224, 6, 6, 6, 1, 1, 1, NULL, NULL),
(225, 6, 7, 6, 0.3333333333333, 1, 1, NULL, NULL),
(226, 6, 8, 6, 0.33333333333333, 1, 1, NULL, NULL),
(227, 6, 9, 6, 0.1428571429, 0.2, 0.3333333333333, NULL, NULL),
(228, 6, 10, 6, 0.3333333333333, 1, 1, NULL, NULL),
(229, 6, 5, 7, 0.1428571429, 0.2, 0.3333333333333, NULL, NULL),
(230, 6, 6, 7, 0.333333333333, 1, 1, NULL, NULL),
(231, 6, 7, 7, 1, 1, 1, NULL, NULL),
(232, 6, 8, 7, 0.333333333333, 1, 1, NULL, NULL),
(233, 6, 9, 7, 0.2, 0.33333333333, 1, NULL, NULL),
(234, 6, 10, 7, 1, 3, 5, NULL, NULL),
(235, 6, 5, 8, 0.3333333333, 1, 1, NULL, NULL),
(236, 6, 6, 8, 0.333333333, 1, 1, NULL, NULL),
(237, 6, 7, 8, 0.33333333333, 1, 1, NULL, NULL),
(238, 6, 8, 8, 1, 1, 1, NULL, NULL),
(239, 6, 9, 8, 0.2, 0.333333333333, 1, NULL, NULL),
(240, 6, 10, 8, 0.3333333333, 1, 1, NULL, NULL),
(241, 6, 5, 9, 0.3333333333, 1, 1, NULL, NULL),
(242, 6, 6, 9, 3, 5, 7, NULL, NULL),
(243, 6, 7, 9, 1, 3, 5, NULL, NULL),
(244, 6, 8, 9, 1, 3, 5, NULL, NULL),
(245, 6, 9, 9, 1, 1, 1, NULL, NULL),
(246, 6, 10, 9, 3, 5, 7, NULL, NULL),
(247, 6, 5, 10, 0.1428571429, 0.2, 0.33333, NULL, NULL),
(248, 6, 6, 10, 0.33333, 1, 1, NULL, NULL),
(249, 6, 7, 10, 0.2, 0.3333333, 1, NULL, NULL),
(250, 6, 8, 10, 1, 1, 1, NULL, NULL),
(251, 6, 9, 10, 0.1428571429, 0.2, 0.3333333333333, NULL, NULL),
(252, 6, 10, 10, 1, 1, 1, NULL, NULL),
(253, 7, 5, 5, 1, 1, 1, NULL, NULL),
(254, 7, 6, 5, 5, 7, 9, NULL, NULL),
(255, 7, 7, 5, 3, 5, 7, NULL, NULL),
(256, 7, 8, 5, 0.33333333333, 1, 1, NULL, NULL),
(257, 7, 9, 5, 0.3333333333333, 1, 1, NULL, NULL),
(258, 7, 10, 5, 3, 5, 7, NULL, NULL),
(259, 7, 5, 6, 0.1111111111, 0.1428571429, 0.2, NULL, NULL),
(260, 7, 6, 6, 1, 1, 1, NULL, NULL),
(261, 7, 7, 6, 0.3333333333333, 1, 1, NULL, NULL),
(262, 7, 8, 6, 0.33333333333333, 1, 1, NULL, NULL),
(263, 7, 9, 6, 0.1428571429, 0.2, 0.3333333333333, NULL, NULL),
(264, 7, 10, 6, 0.3333333333333, 1, 1, NULL, NULL),
(265, 7, 5, 7, 0.1428571429, 0.2, 0.3333333333333, NULL, NULL),
(266, 7, 6, 7, 0.333333333333, 1, 1, NULL, NULL),
(267, 7, 7, 7, 1, 1, 1, NULL, NULL),
(268, 7, 8, 7, 0.333333333333, 1, 1, NULL, NULL),
(269, 7, 9, 7, 0.2, 0.33333333333, 1, NULL, NULL),
(270, 7, 10, 7, 1, 3, 5, NULL, NULL),
(271, 7, 5, 8, 0.3333333333, 1, 1, NULL, NULL),
(272, 7, 6, 8, 0.333333333, 1, 1, NULL, NULL),
(273, 7, 7, 8, 0.33333333333, 1, 1, NULL, NULL),
(274, 7, 8, 8, 1, 1, 1, NULL, NULL),
(275, 7, 9, 8, 0.2, 0.333333333333, 1, NULL, NULL),
(276, 7, 10, 8, 0.3333333333, 1, 1, NULL, NULL),
(277, 7, 5, 9, 0.3333333333, 1, 1, NULL, NULL),
(278, 7, 6, 9, 3, 5, 7, NULL, NULL),
(279, 7, 7, 9, 1, 3, 5, NULL, NULL),
(280, 7, 8, 9, 1, 3, 5, NULL, NULL),
(281, 7, 9, 9, 1, 1, 1, NULL, NULL),
(282, 7, 10, 9, 3, 5, 7, NULL, NULL),
(283, 7, 5, 10, 0.1428571429, 0.2, 0.33333, NULL, NULL),
(284, 7, 6, 10, 0.33333, 1, 1, NULL, NULL),
(285, 7, 7, 10, 0.2, 0.3333333, 1, NULL, NULL),
(286, 7, 8, 10, 0.33333333, 1, 1, NULL, NULL),
(287, 7, 9, 10, 0.1428571429, 0.2, 0.3333333333333, NULL, NULL),
(288, 7, 10, 10, 1, 1, 1, NULL, NULL);

-- --------------------------------------------------------

--
-- Table structure for table `pembobotan_lmu_subs`
--

CREATE TABLE `pembobotan_lmu_subs` (
  `id` bigint(20) UNSIGNED NOT NULL,
  `code` bigint(20) NOT NULL,
  `x_kriteria_id` bigint(20) UNSIGNED NOT NULL,
  `y_kriteria_id` bigint(20) UNSIGNED NOT NULL,
  `l` double NOT NULL,
  `m` double NOT NULL,
  `u` double NOT NULL,
  `created_at` timestamp NULL DEFAULT NULL,
  `updated_at` timestamp NULL DEFAULT NULL,
  `kriteria_id` bigint(20) UNSIGNED DEFAULT NULL
) ENGINE=InnoDB DEFAULT CHARSET=utf8mb4 COLLATE=utf8mb4_unicode_ci;

--
-- Dumping data for table `pembobotan_lmu_subs`
--

INSERT INTO `pembobotan_lmu_subs` (`id`, `code`, `x_kriteria_id`, `y_kriteria_id`, `l`, `m`, `u`, `created_at`, `updated_at`, `kriteria_id`) VALUES
(1, 1, 4, 4, 1, 1, 1, NULL, NULL, NULL),
(2, 1, 5, 4, 0.3333333, 1, 1, NULL, NULL, NULL),
(3, 1, 6, 4, 3, 5, 7, NULL, NULL, NULL),
(4, 1, 7, 4, 5, 7, 9, NULL, NULL, NULL),
(5, 1, 8, 4, 3, 5, 7, NULL, NULL, NULL),
(6, 1, 4, 5, 0.3333333333, 1, 1, NULL, NULL, NULL),
(7, 1, 5, 5, 1, 1, 1, NULL, NULL, NULL),
(8, 1, 6, 5, 0.3333333333, 1, 1, NULL, NULL, NULL),
(9, 1, 7, 5, 3, 5, 7, NULL, NULL, NULL),
(10, 1, 8, 5, 5, 7, 9, NULL, NULL, NULL),
(11, 1, 4, 6, 0.142857, 0.2, 0.333333333, NULL, NULL, NULL),
(12, 1, 5, 6, 0.3333333333, 1, 1, NULL, NULL, NULL),
(13, 1, 6, 6, 1, 1, 1, NULL, NULL, NULL),
(14, 1, 7, 6, 3, 5, 3, NULL, NULL, NULL),
(15, 1, 8, 6, 3, 5, 7, NULL, NULL, NULL),
(16, 1, 4, 7, 0.11111111111, 0.142857, 0.2, NULL, NULL, NULL),
(17, 1, 5, 7, 0.142857, 0.2, 0.3333333333, NULL, NULL, NULL),
(18, 1, 6, 7, 0.142857, 0.2, 0.33333333333, NULL, NULL, NULL),
(19, 1, 7, 7, 1, 1, 1, NULL, NULL, NULL),
(20, 1, 8, 7, 0.3333333333, 1, 1, NULL, NULL, NULL),
(21, 1, 4, 8, 0.142857, 0.2, 0.3333333333, NULL, NULL, NULL),
(22, 1, 5, 8, 0.1111111111, 0.142857, 0.2, NULL, NULL, NULL),
(23, 1, 6, 8, 0.142857, 0.2, 0.3333333333, NULL, NULL, NULL),
(24, 1, 7, 8, 1, 1, 1, NULL, NULL, NULL),
(25, 1, 8, 8, 1, 1, 1, NULL, NULL, NULL),
(26, 2, 4, 4, 1, 1, 1, NULL, NULL, NULL),
(27, 2, 5, 4, 0.3333333, 1, 1, NULL, NULL, NULL),
(28, 2, 6, 4, 3, 5, 7, NULL, NULL, NULL),
(29, 2, 7, 4, 5, 7, 9, NULL, NULL, NULL),
(30, 2, 8, 4, 3, 5, 7, NULL, NULL, NULL),
(31, 2, 4, 5, 0.3333333333, 1, 1, NULL, NULL, NULL),
(32, 2, 5, 5, 1, 1, 1, NULL, NULL, NULL),
(33, 2, 6, 5, 0.3333333333, 1, 1, NULL, NULL, NULL),
(34, 2, 7, 5, 3, 5, 7, NULL, NULL, NULL),
(35, 2, 8, 5, 5, 7, 9, NULL, NULL, NULL),
(36, 2, 4, 6, 0.142857, 0.2, 0.333333333, NULL, NULL, NULL),
(37, 2, 5, 6, 0.3333333333, 1, 1, NULL, NULL, NULL),
(38, 2, 6, 6, 1, 1, 1, NULL, NULL, NULL),
(39, 2, 7, 6, 3, 5, 3, NULL, NULL, NULL),
(40, 2, 8, 6, 3, 5, 7, NULL, NULL, NULL),
(41, 2, 4, 7, 0.11111111111, 0.142857, 0.2, NULL, NULL, NULL),
(42, 2, 5, 7, 0.142857, 0.2, 0.3333333333, NULL, NULL, NULL),
(43, 2, 6, 7, 0.142857, 0.2, 0.33333333333, NULL, NULL, NULL),
(44, 2, 7, 7, 1, 1, 1, NULL, NULL, NULL),
(45, 2, 8, 7, 0.3333333333, 1, 1, NULL, NULL, NULL),
(46, 2, 4, 8, 0.142857, 0.2, 0.3333333333, NULL, NULL, NULL),
(47, 2, 5, 8, 0.1111111111, 0.142857, 0.2, NULL, NULL, NULL),
(48, 2, 6, 8, 0.142857, 0.2, 0.3333333333, NULL, NULL, NULL),
(49, 2, 7, 8, 0.3333333333, 1, 1, NULL, NULL, NULL),
(50, 2, 8, 8, 1, 1, 1, NULL, NULL, NULL),
(51, 3, 17, 17, 1, 1, 1, NULL, NULL, NULL),
(52, 3, 18, 17, 0.3333333333, 1, 1, NULL, NULL, NULL),
(53, 3, 19, 17, 1, 3, 5, NULL, NULL, NULL),
(54, 3, 20, 17, 5, 7, 9, NULL, NULL, NULL),
(55, 3, 21, 17, 3, 5, 7, NULL, NULL, NULL),
(56, 3, 17, 18, 0.3333333333, 1, 1, NULL, NULL, NULL),
(57, 3, 18, 18, 1, 1, 1, NULL, NULL, NULL),
(58, 3, 19, 18, 0.3333333333, 1, 1, NULL, NULL, NULL),
(59, 3, 20, 18, 0.3333333333, 1, 1, NULL, NULL, NULL),
(60, 3, 21, 18, 1, 3, 5, NULL, NULL, NULL),
(61, 3, 17, 19, 0.2, 0.3333333333, 1, NULL, NULL, NULL),
(62, 3, 18, 19, 0.33333333333, 1, 1, NULL, NULL, NULL),
(63, 3, 19, 19, 1, 1, 1, NULL, NULL, NULL),
(64, 3, 20, 19, 0.33333333333, 1, 1, NULL, NULL, NULL),
(65, 3, 21, 19, 1, 3, 5, NULL, NULL, NULL),
(66, 3, 17, 20, 0.1111111111, 0.1428571429, 0.2, NULL, NULL, NULL),
(67, 3, 18, 20, 0.3333333333, 1, 1, NULL, NULL, NULL),
(68, 3, 19, 20, 0.3333333333, 1, 1, NULL, NULL, NULL),
(69, 3, 20, 20, 0, 1, 1, NULL, NULL, NULL),
(70, 3, 21, 20, 0.3333333333, 1, 1, NULL, NULL, NULL),
(71, 3, 17, 21, 0.1428571429, 0.2, 0.3333333333, NULL, NULL, NULL),
(72, 3, 18, 21, 0.2, 0.3333333333, 1, NULL, NULL, NULL),
(73, 3, 19, 21, 0.2, 0.3333333333, 1, NULL, NULL, NULL),
(74, 3, 20, 21, 0.3333333333, 1, 1, NULL, NULL, NULL),
(75, 3, 21, 21, 1, 1, 1, NULL, NULL, NULL),
(76, 4, 17, 17, 1, 1, 1, NULL, NULL, NULL),
(77, 4, 18, 17, 0.3333333333, 1, 1, NULL, NULL, NULL),
(78, 4, 19, 17, 1, 3, 5, NULL, NULL, NULL),
(79, 4, 20, 17, 5, 7, 9, NULL, NULL, NULL),
(80, 4, 21, 17, 3, 5, 7, NULL, NULL, NULL),
(81, 4, 17, 18, 0.3333333333, 1, 1, NULL, NULL, NULL),
(82, 4, 18, 18, 1, 1, 1, NULL, NULL, NULL),
(83, 4, 19, 18, 0.3333333333, 1, 1, NULL, NULL, NULL),
(84, 4, 20, 18, 0.3333333333, 1, 1, NULL, NULL, NULL),
(85, 4, 21, 18, 1, 3, 5, NULL, NULL, NULL),
(86, 4, 17, 19, 0.2, 0.3333333333, 1, NULL, NULL, NULL),
(87, 4, 18, 19, 0.33333333333, 1, 1, NULL, NULL, NULL),
(88, 4, 19, 19, 1, 1, 1, NULL, NULL, NULL),
(89, 4, 20, 19, 0.33333333333, 1, 1, NULL, NULL, NULL),
(90, 4, 21, 19, 1, 3, 5, NULL, NULL, NULL),
(91, 4, 17, 20, 0.1111111111, 0.1428571429, 0.2, NULL, NULL, NULL),
(92, 4, 18, 20, 0.3333333333, 1, 1, NULL, NULL, NULL),
(93, 4, 19, 20, 0.3333333333, 1, 1, NULL, NULL, NULL),
(94, 4, 20, 20, 1, 1, 1, NULL, NULL, NULL),
(95, 4, 21, 20, 0.3333333333, 1, 1, NULL, NULL, NULL),
(96, 4, 17, 21, 0.1428571429, 0.2, 0.3333333333, NULL, NULL, NULL),
(97, 4, 18, 21, 0.2, 0.3333333333, 1, NULL, NULL, NULL),
(98, 4, 19, 21, 0.2, 0.3333333333, 1, NULL, NULL, NULL),
(99, 4, 20, 21, 0.3333333333, 1, 1, NULL, NULL, NULL),
(100, 4, 21, 21, 1, 1, 1, NULL, NULL, NULL),
(101, 5, 12, 12, 1, 1, 1, NULL, NULL, NULL),
(102, 5, 13, 12, 0.3333333333, 1, 1, NULL, NULL, NULL),
(103, 5, 14, 12, 3, 5, 7, NULL, NULL, NULL),
(104, 5, 15, 12, 5, 7, 9, NULL, NULL, NULL),
(105, 5, 16, 12, 5, 7, 9, NULL, NULL, NULL),
(106, 5, 12, 13, 0.3333333333, 1, 1, NULL, NULL, NULL),
(107, 5, 13, 13, 1, 1, 1, NULL, NULL, NULL),
(108, 5, 14, 13, 3, 5, 7, NULL, NULL, NULL),
(109, 5, 15, 13, 5, 7, 9, NULL, NULL, NULL),
(110, 5, 16, 13, 5, 7, 9, NULL, NULL, NULL),
(111, 5, 12, 14, 0.2, 0.3333333333, 1, NULL, NULL, NULL),
(112, 5, 13, 14, 0.1428571429, 0.2, 0.3333333333, NULL, NULL, NULL),
(113, 5, 14, 14, 1, 1, 1, NULL, NULL, NULL),
(114, 5, 15, 14, 0.3333333333, 1, 1, NULL, NULL, NULL),
(115, 5, 16, 14, 3, 5, 7, NULL, NULL, NULL),
(116, 5, 12, 15, 0.1111111111, 0.1428571429, 0.2, NULL, NULL, NULL),
(117, 5, 13, 15, 0.1111111111, 0.1428571429, 0.2, NULL, NULL, NULL),
(118, 5, 14, 15, 0.3333333333, 1, 1, NULL, NULL, NULL),
(119, 5, 15, 15, 1, 1, 1, NULL, NULL, NULL),
(120, 5, 16, 15, 0.3333333333, 1, 1, NULL, NULL, NULL),
(121, 5, 12, 16, 0.1111111111, 0.1428571429, 0.2, NULL, NULL, NULL),
(122, 5, 13, 16, 0.1111111111, 0.1428571429, 0.2, NULL, NULL, NULL),
(123, 5, 14, 16, 1428571429, 0.2, 0.3333333333, NULL, NULL, NULL),
(124, 5, 15, 16, 0.3333333333, 1, 1, NULL, NULL, NULL),
(125, 5, 16, 16, 1, 1, 1, NULL, NULL, NULL),
(126, 6, 4, 4, 1, 1, 1, NULL, NULL, NULL),
(127, 6, 5, 4, 0.3333333333, 1, 1, NULL, NULL, NULL),
(128, 6, 6, 4, 3, 5, 7, NULL, NULL, NULL),
(129, 6, 7, 4, 5, 7, 9, NULL, NULL, NULL),
(130, 6, 8, 4, 3, 5, 7, NULL, NULL, NULL),
(131, 6, 4, 5, 0.3333333333, 1, 1, NULL, NULL, NULL),
(132, 6, 5, 5, 1, 1, 1, NULL, NULL, NULL),
(133, 6, 6, 5, 0.3333333333, 1, 1, NULL, NULL, NULL),
(134, 6, 7, 5, 3, 5, 7, NULL, NULL, NULL),
(135, 6, 8, 5, 5, 7, 9, NULL, NULL, NULL),
(136, 6, 4, 6, 0.1428571429, 0.2, 0.3333333333, NULL, NULL, NULL),
(137, 6, 5, 6, 0.3333333333, 1, 1, NULL, NULL, NULL),
(138, 6, 6, 6, 1, 1, 1, NULL, NULL, NULL),
(139, 6, 7, 6, 3, 5, 3, NULL, NULL, NULL),
(140, 6, 8, 6, 3, 5, 7, NULL, NULL, NULL),
(141, 6, 4, 7, 0.1111111111, 0.1428571429, 0.2, NULL, NULL, NULL),
(142, 6, 5, 7, 0.1428571429, 0.2, 0.333333333, NULL, NULL, NULL),
(143, 6, 6, 7, 0.1428571429, 0.2, 0.3333333333, NULL, NULL, NULL),
(144, 6, 7, 7, 1, 1, 1, NULL, NULL, NULL),
(145, 6, 8, 7, 0.3333333333, 1, 1, NULL, NULL, NULL),
(146, 6, 4, 8, 0.1428571429, 0.2, 0.3333333333, NULL, NULL, NULL),
(147, 6, 5, 8, 0.1111111111, 0.1428571429, 0.2, NULL, NULL, NULL),
(148, 6, 6, 8, 0.1428571429, 0.2, 0.3333333333, NULL, NULL, NULL),
(149, 6, 7, 8, 0.3333333333, 1, 1, NULL, NULL, NULL),
(150, 6, 8, 8, 1, 1, 1, NULL, NULL, NULL),
(151, 7, 4, 4, 1, 1, 1, NULL, NULL, 5),
(152, 7, 5, 4, 0.3333333333, 1, 1, NULL, NULL, 5),
(153, 7, 6, 4, 3, 5, 7, NULL, NULL, 5),
(154, 7, 7, 4, 5, 7, 9, NULL, NULL, 5),
(155, 7, 8, 4, 3, 5, 7, NULL, NULL, 5),
(156, 7, 4, 5, 0.3333333333, 1, 1, NULL, NULL, 5),
(157, 7, 5, 5, 1, 1, 1, NULL, NULL, 5),
(158, 7, 6, 5, 0.3333333333, 1, 1, NULL, NULL, 5),
(159, 7, 7, 5, 3, 5, 7, NULL, NULL, 5),
(160, 7, 8, 5, 5, 7, 9, NULL, NULL, 5),
(161, 7, 4, 6, 0.1428571429, 0.2, 0.3333333333, NULL, NULL, 5),
(162, 7, 5, 6, 0.3333333333, 1, 1, NULL, NULL, 5),
(163, 7, 6, 6, 1, 1, 1, NULL, NULL, 5),
(164, 7, 7, 6, 3, 5, 3, NULL, NULL, 5),
(165, 7, 8, 6, 3, 5, 7, NULL, NULL, 5),
(166, 7, 4, 7, 0.1111111111, 0.1428571429, 0.2, NULL, NULL, 5),
(167, 7, 5, 7, 0.1428571429, 0.2, 0.333333333, NULL, NULL, 5),
(168, 7, 6, 7, 0.1428571429, 0.2, 0.3333333333, NULL, NULL, 5),
(169, 7, 7, 7, 1, 1, 1, NULL, NULL, 5),
(170, 7, 8, 7, 0.3333333333, 1, 1, NULL, NULL, 5),
(171, 7, 4, 8, 0.1428571429, 0.2, 0.3333333333, NULL, NULL, 5),
(172, 7, 5, 8, 0.1111111111, 0.1428571429, 0.2, NULL, NULL, 5),
(173, 7, 6, 8, 0.1428571429, 0.2, 0.3333333333, NULL, NULL, 5),
(174, 7, 7, 8, 0.3333333333, 1, 1, NULL, NULL, 5),
(175, 7, 8, 8, 1, 1, 1, NULL, NULL, 5),
(176, 8, 9, 9, 1, 1, 1, NULL, NULL, 6),
(177, 8, 10, 9, 1, 3, 5, NULL, NULL, 6),
(178, 8, 11, 9, 5, 7, 9, NULL, NULL, 6),
(179, 8, 9, 10, 0.2, 0.3333333333, 1, NULL, NULL, 6),
(180, 8, 10, 10, 1, 1, 1, NULL, NULL, 6),
(181, 8, 11, 10, 1, 3, 5, NULL, NULL, 6),
(182, 8, 9, 11, 0.1111111111, 0.1428571429, 0.2, NULL, NULL, 6),
(183, 8, 10, 11, 0.2, 0.3333333333, 1, NULL, NULL, 6),
(184, 8, 11, 11, 1, 1, 1, NULL, NULL, 6),
(185, 9, 22, 22, 1, 1, 1, NULL, NULL, 9),
(186, 9, 23, 22, 1, 3, 5, NULL, NULL, 9),
(187, 9, 24, 22, 5, 7, 9, NULL, NULL, 9),
(188, 9, 22, 23, 0.2, 0.3333333333, 1, NULL, NULL, 9),
(189, 9, 23, 23, 1, 1, 1, NULL, NULL, 9),
(190, 9, 24, 23, 3, 5, 7, NULL, NULL, 9),
(191, 9, 22, 24, 0.1111111111, 0.1428571329, 0.2, NULL, NULL, 9),
(192, 9, 23, 24, 0.1428571429, 0.2, 0.3333333333, NULL, NULL, 9),
(193, 9, 24, 24, 1, 1, 1, NULL, NULL, 9);

-- --------------------------------------------------------

--
-- Table structure for table `pembobotan_subs`
--

CREATE TABLE `pembobotan_subs` (
  `id` bigint(20) UNSIGNED NOT NULL,
  `kode` bigint(20) NOT NULL,
  `jumlah` double(8,2) NOT NULL,
  `sub_kriteria_id` bigint(20) UNSIGNED NOT NULL,
  `kriteria_id` bigint(20) NOT NULL,
  `created_at` timestamp NULL DEFAULT NULL,
  `updated_at` timestamp NULL DEFAULT NULL
) ENGINE=InnoDB DEFAULT CHARSET=utf8mb4 COLLATE=utf8mb4_unicode_ci;

--
-- Dumping data for table `pembobotan_subs`
--

INSERT INTO `pembobotan_subs` (`id`, `kode`, `jumlah`, `sub_kriteria_id`, `kriteria_id`, `created_at`, `updated_at`) VALUES
(1, 1, 2.54, 4, 5, '2022-11-27 07:50:22', '2022-11-27 07:50:22'),
(2, 1, 3.34, 5, 5, '2022-11-27 07:50:22', '2022-11-27 07:50:22'),
(3, 1, 7.40, 6, 5, '2022-11-27 07:50:22', '2022-11-27 07:50:22'),
(4, 1, 19.00, 7, 5, '2022-11-27 07:50:22', '2022-11-27 07:50:22'),
(5, 1, 19.00, 8, 5, '2022-11-27 07:50:22', '2022-11-27 07:50:22'),
(6, 2, 2.68, 17, 8, '2022-12-13 11:19:17', '2022-12-13 11:19:17'),
(7, 2, 4.33, 18, 8, '2022-12-13 11:19:17', '2022-12-13 11:19:17'),
(8, 2, 6.33, 19, 8, '2022-12-13 11:19:17', '2022-12-13 11:19:17'),
(9, 2, 11.00, 20, 8, '2022-12-13 11:19:17', '2022-12-13 11:19:17'),
(10, 2, 13.00, 21, 8, '2022-12-13 11:19:17', '2022-12-13 11:19:17'),
(11, 3, 2.49, 12, 7, '2022-12-13 11:27:41', '2022-12-13 11:27:41'),
(12, 3, 2.49, 13, 7, '2022-12-13 11:27:41', '2022-12-13 11:27:41'),
(13, 3, 12.20, 14, 7, '2022-12-13 11:27:42', '2022-12-13 11:27:42'),
(14, 3, 17.00, 15, 7, '2022-12-13 11:27:42', '2022-12-13 11:27:42'),
(15, 3, 21.00, 16, 7, '2022-12-13 11:27:42', '2022-12-13 11:27:42'),
(16, 4, 1.48, 9, 6, '2022-12-13 11:48:27', '2022-12-13 11:48:27'),
(17, 4, 4.33, 10, 6, '2022-12-13 11:48:27', '2022-12-13 11:48:27'),
(18, 4, 11.00, 11, 6, '2022-12-13 11:48:27', '2022-12-13 11:48:27'),
(19, 5, 1.48, 22, 9, '2022-12-15 06:09:31', '2022-12-15 06:09:31'),
(20, 5, 4.20, 23, 9, '2022-12-15 06:09:31', '2022-12-15 06:09:31'),
(21, 5, 13.00, 24, 9, '2022-12-15 06:09:31', '2022-12-15 06:09:31'),
(22, 6, 2.62, 25, 10, '2022-12-15 06:11:25', '2022-12-15 06:11:25'),
(23, 6, 3.34, 26, 10, '2022-12-15 06:11:25', '2022-12-15 06:11:25'),
(24, 6, 6.20, 27, 10, '2022-12-15 06:11:25', '2022-12-15 06:11:25'),
(25, 6, 15.00, 28, 10, '2022-12-15 06:11:25', '2022-12-15 06:11:25'),
(26, 6, 21.00, 29, 10, '2022-12-15 06:11:25', '2022-12-15 06:11:25');

-- --------------------------------------------------------

--
-- Table structure for table `permissions`
--

CREATE TABLE `permissions` (
  `id` bigint(20) UNSIGNED NOT NULL,
  `created_at` timestamp NULL DEFAULT NULL,
  `updated_at` timestamp NULL DEFAULT NULL
) ENGINE=InnoDB DEFAULT CHARSET=utf8mb4 COLLATE=utf8mb4_unicode_ci;

-- --------------------------------------------------------

--
-- Table structure for table `personal_access_tokens`
--

CREATE TABLE `personal_access_tokens` (
  `id` bigint(20) UNSIGNED NOT NULL,
  `tokenable_type` varchar(255) COLLATE utf8mb4_unicode_ci NOT NULL,
  `tokenable_id` bigint(20) UNSIGNED NOT NULL,
  `name` varchar(255) COLLATE utf8mb4_unicode_ci NOT NULL,
  `token` varchar(64) COLLATE utf8mb4_unicode_ci NOT NULL,
  `abilities` text COLLATE utf8mb4_unicode_ci DEFAULT NULL,
  `last_used_at` timestamp NULL DEFAULT NULL,
  `expires_at` timestamp NULL DEFAULT NULL,
  `created_at` timestamp NULL DEFAULT NULL,
  `updated_at` timestamp NULL DEFAULT NULL
) ENGINE=InnoDB DEFAULT CHARSET=utf8mb4 COLLATE=utf8mb4_unicode_ci;

-- --------------------------------------------------------

--
-- Table structure for table `pkh_records`
--

CREATE TABLE `pkh_records` (
  `id` bigint(20) UNSIGNED NOT NULL,
  `masyarakat_id` bigint(20) UNSIGNED NOT NULL,
  `tahap` int(10) UNSIGNED DEFAULT NULL,
  `bansos` varchar(255) COLLATE utf8mb4_unicode_ci DEFAULT NULL,
  `idsemesta` varchar(255) COLLATE utf8mb4_unicode_ci DEFAULT NULL,
  `no_kel` varchar(255) COLLATE utf8mb4_unicode_ci DEFAULT NULL,
  `nm_prov` varchar(255) COLLATE utf8mb4_unicode_ci DEFAULT NULL,
  `nm_kab` varchar(255) COLLATE utf8mb4_unicode_ci DEFAULT NULL,
  `nm_kec` varchar(255) COLLATE utf8mb4_unicode_ci DEFAULT NULL,
  `nm_kel` varchar(255) COLLATE utf8mb4_unicode_ci DEFAULT NULL,
  `alamat` text COLLATE utf8mb4_unicode_ci DEFAULT NULL,
  `umur` int(11) DEFAULT NULL,
  `tanggungan` int(11) DEFAULT NULL,
  `status` varchar(255) COLLATE utf8mb4_unicode_ci DEFAULT NULL,
  `penghasilan` int(11) DEFAULT NULL,
  `created_at` timestamp NULL DEFAULT NULL,
  `updated_at` timestamp NULL DEFAULT NULL
) ENGINE=InnoDB DEFAULT CHARSET=utf8mb4 COLLATE=utf8mb4_unicode_ci;

--
-- Dumping data for table `pkh_records`
--

INSERT INTO `pkh_records` (`id`, `masyarakat_id`, `tahap`, `bansos`, `idsemesta`, `no_kel`, `nm_prov`, `nm_kab`, `nm_kec`, `nm_kel`, `alamat`, `umur`, `tanggungan`, `status`, `penghasilan`, `created_at`, `updated_at`) VALUES
(3, 17, 10, 'Alias numquam aspern', 'Dignissimos quos vol', 'Maxime aute aliqua', 'Aut voluptates labor', 'Error consequatur al', 'Nesciunt enim nisi', 'Et mollitia officiis', 'In at mollit incidun', 57, 70, 'Incididunt culpa sa', 25, '2022-11-23 08:47:17', '2022-11-23 08:47:17'),
(4, 17, 51, 'Natus debitis at ill', 'Ea voluptates volupt', 'Nisi tempore volupt', 'Iste deleniti aspern', 'Illum iste ducimus', 'Dolorum voluptatem p', 'Rem sed sit distinc', 'Velit itaque dolores', 8, 77, 'Enim et commodi et d', 34, '2022-11-23 08:47:17', '2022-11-23 08:47:17');

-- --------------------------------------------------------

--
-- Table structure for table `roles`
--

CREATE TABLE `roles` (
  `id` bigint(20) UNSIGNED NOT NULL,
  `created_at` timestamp NULL DEFAULT NULL,
  `updated_at` timestamp NULL DEFAULT NULL
) ENGINE=InnoDB DEFAULT CHARSET=utf8mb4 COLLATE=utf8mb4_unicode_ci;

-- --------------------------------------------------------

--
-- Table structure for table `tb_datamasyarakat`
--

CREATE TABLE `tb_datamasyarakat` (
  `id_ms` int(11) NOT NULL,
  `nik` varchar(16) NOT NULL,
  `nama` varchar(100) NOT NULL,
  `alamat` varchar(20) NOT NULL
) ENGINE=InnoDB DEFAULT CHARSET=utf8mb4;

--
-- Dumping data for table `tb_datamasyarakat`
--

INSERT INTO `tb_datamasyarakat` (`id_ms`, `nik`, `nama`, `alamat`) VALUES
(18, '00000000001', 'Monika Makmur', 'Dolore iste exceptur'),
(19, '00000000002', 'YOHANES NAGEL', '123123123123123'),
(20, '00000000003', 'MARTINA GANUT', 'MARTINA GANUT'),
(21, '00000000004', 'MARIA KOMELA', '00000000004'),
(22, 'ADRIANUS JEHALU', 'ADRIANUS JEHALU', 'ADRIANUS JEHALU'),
(23, '10231203123', 'Culpa est quam aspe', 'Qui ut consectetur c');

-- --------------------------------------------------------

--
-- Table structure for table `tb_kriteria`
--

CREATE TABLE `tb_kriteria` (
  `id_kri` int(11) NOT NULL,
  `kode_kri` int(11) NOT NULL,
  `nama_kri` varchar(50) NOT NULL
) ENGINE=InnoDB DEFAULT CHARSET=utf8mb4;

--
-- Dumping data for table `tb_kriteria`
--

INSERT INTO `tb_kriteria` (`id_kri`, `kode_kri`, `nama_kri`) VALUES
(5, 1, 'IH'),
(6, 2, 'Pend'),
(7, 3, 'Tang'),
(8, 4, 'Peng'),
(9, 5, 'Diss'),
(10, 6, 'Usia');

-- --------------------------------------------------------

--
-- Table structure for table `tb_subkri`
--

CREATE TABLE `tb_subkri` (
  `id_sub` int(11) NOT NULL,
  `id_kri` int(11) NOT NULL,
  `kriteria` varchar(50) NOT NULL
) ENGINE=InnoDB DEFAULT CHARSET=utf8mb4;

--
-- Dumping data for table `tb_subkri`
--

INSERT INTO `tb_subkri` (`id_sub`, `id_kri`, `kriteria`) VALUES
(2, 2, 'Ducimus mollitia as'),
(3, 4, 'Rem in sed enim seda'),
(4, 5, '>27'),
(5, 5, '20-27'),
(6, 5, '14-20'),
(7, 5, '7--13'),
(8, 5, '0-6'),
(9, 6, 'Belum wajib belajar 12 tahun'),
(10, 6, 'SD/SMP/SMA'),
(11, 6, 'Tidak Sekolah'),
(12, 7, '>5 anak'),
(13, 7, '4 Anak'),
(14, 7, '2-3 anak'),
(15, 7, '1 anak'),
(16, 7, 'Tidak punya anak'),
(17, 8, '<400.000'),
(18, 8, '400.000 – 800.000'),
(19, 8, '800.000-1.200.000'),
(20, 8, '1.200.000-1.600.000'),
(21, 8, '>1.600.000'),
(22, 9, 'Cacat Total'),
(23, 9, 'Cacat'),
(24, 9, 'Cacat Ringan'),
(25, 10, 'Lanjut Usia >= 60 Tahun'),
(26, 10, '45 – 59 Tahun'),
(27, 10, '30 – 44 Tahun'),
(28, 10, '15- 29 Tahun'),
(29, 10, '< 14 Tahun');

-- --------------------------------------------------------

--
-- Table structure for table `users`
--

CREATE TABLE `users` (
  `id` bigint(20) UNSIGNED NOT NULL,
  `name` varchar(255) COLLATE utf8mb4_unicode_ci NOT NULL,
  `email` varchar(255) COLLATE utf8mb4_unicode_ci NOT NULL,
  `email_verified_at` timestamp NULL DEFAULT NULL,
  `password` varchar(255) COLLATE utf8mb4_unicode_ci NOT NULL,
  `remember_token` varchar(100) COLLATE utf8mb4_unicode_ci DEFAULT NULL,
  `created_at` timestamp NULL DEFAULT NULL,
  `updated_at` timestamp NULL DEFAULT NULL
) ENGINE=InnoDB DEFAULT CHARSET=utf8mb4 COLLATE=utf8mb4_unicode_ci;

--
-- Dumping data for table `users`
--

INSERT INTO `users` (`id`, `name`, `email`, `email_verified_at`, `password`, `remember_token`, `created_at`, `updated_at`) VALUES
(1, 'Velma Koepp MD', 'super@admin.com', '2022-12-28 09:27:56', '$2y$10$92IXUNpkjO0rOQ5byMi.Ye4oKoEa3Ro9llC/.og/at2.uheWG/igi', 'fJYtfNMIGX5zN5kjbfc124k7b9kKkqbScikeK4z30QWxyAI2XFKRZYg7hkTh', '2022-12-28 09:27:56', '2022-12-28 09:27:56');

-- --------------------------------------------------------

--
-- Table structure for table `value_pembobotans`
--

CREATE TABLE `value_pembobotans` (
  `id` bigint(20) UNSIGNED NOT NULL,
  `pembobotan_id` bigint(20) UNSIGNED NOT NULL,
  `x_kriteria_id` bigint(20) UNSIGNED NOT NULL,
  `y_kriteria_id` bigint(20) UNSIGNED NOT NULL,
  `value` double NOT NULL,
  `created_at` timestamp NULL DEFAULT NULL,
  `updated_at` timestamp NULL DEFAULT NULL
) ENGINE=InnoDB DEFAULT CHARSET=utf8mb4 COLLATE=utf8mb4_unicode_ci;

--
-- Dumping data for table `value_pembobotans`
--

INSERT INTO `value_pembobotans` (`id`, `pembobotan_id`, `x_kriteria_id`, `y_kriteria_id`, `value`, `created_at`, `updated_at`) VALUES
(1, 1, 5, 5, 1, '2022-11-27 08:17:50', '2022-11-27 08:17:50'),
(2, 1, 5, 6, 0.1428571429, '2022-11-27 08:17:50', '2022-11-27 08:17:50'),
(3, 1, 5, 7, 0.2, '2022-11-27 08:17:50', '2022-11-27 08:17:50'),
(4, 1, 5, 8, 1, '2022-11-27 08:17:50', '2022-11-27 08:17:50'),
(5, 1, 5, 9, 1, '2022-11-27 08:17:50', '2022-11-27 08:17:50'),
(6, 1, 5, 10, 0.2, '2022-11-27 08:17:50', '2022-11-27 08:17:50'),
(7, 2, 6, 5, 7, '2022-11-27 08:17:50', '2022-11-27 08:17:50'),
(8, 2, 6, 6, 1, '2022-11-27 08:17:50', '2022-11-27 08:17:50'),
(9, 2, 6, 7, 1, '2022-11-27 08:17:50', '2022-11-27 08:17:50'),
(10, 2, 6, 8, 1, '2022-11-27 08:17:50', '2022-11-27 08:17:50'),
(11, 2, 6, 9, 5, '2022-11-27 08:17:50', '2022-11-27 08:17:50'),
(12, 2, 6, 10, 1, '2022-11-27 08:17:50', '2022-11-27 08:17:50'),
(13, 3, 7, 5, 5, '2022-11-27 08:17:50', '2022-11-27 08:17:50'),
(14, 3, 7, 6, 1, '2022-11-27 08:17:50', '2022-11-27 08:17:50'),
(15, 3, 7, 7, 1, '2022-11-27 08:17:50', '2022-11-27 08:17:50'),
(16, 3, 7, 8, 1, '2022-11-27 08:17:50', '2022-11-27 08:17:50'),
(17, 3, 7, 9, 3, '2022-11-27 08:17:50', '2022-11-27 08:17:50'),
(18, 3, 7, 10, 0.33333333333, '2022-11-27 08:17:50', '2022-11-27 08:17:50'),
(19, 4, 8, 5, 1, '2022-11-27 08:17:50', '2022-11-27 08:17:50'),
(20, 4, 8, 6, 1, '2022-11-27 08:17:50', '2022-11-27 08:17:50'),
(21, 4, 8, 7, 1, '2022-11-27 08:17:50', '2022-11-27 08:17:50'),
(22, 4, 8, 8, 1, '2022-11-27 08:17:50', '2022-11-27 08:17:50'),
(23, 4, 8, 9, 3, '2022-11-27 08:17:50', '2022-11-27 08:17:50'),
(24, 4, 8, 10, 1, '2022-11-27 08:17:50', '2022-11-27 08:17:50'),
(25, 5, 9, 5, 1, '2022-11-27 08:17:50', '2022-11-27 08:17:50'),
(26, 5, 9, 6, 0.2, '2022-11-27 08:17:50', '2022-11-27 08:17:50'),
(27, 5, 9, 7, 0.3333333333, '2022-11-27 08:17:50', '2022-11-27 08:17:50'),
(28, 5, 9, 8, 0.3333333333, '2022-11-27 08:17:50', '2022-11-27 08:17:50'),
(29, 5, 9, 9, 1, '2022-11-27 08:17:50', '2022-11-27 08:17:50'),
(30, 5, 9, 10, 0.2, '2022-11-27 08:17:50', '2022-11-27 08:17:50'),
(31, 6, 10, 5, 5, '2022-11-27 08:17:51', '2022-11-27 08:17:51'),
(32, 6, 10, 6, 1, '2022-11-27 08:17:51', '2022-11-27 08:17:51'),
(33, 6, 10, 7, 3, '2022-11-27 08:17:51', '2022-11-27 08:17:51'),
(34, 6, 10, 8, 1, '2022-11-27 08:17:51', '2022-11-27 08:17:51'),
(35, 6, 10, 9, 5, '2022-11-27 08:17:51', '2022-11-27 08:17:51'),
(36, 6, 10, 10, 1, '2022-11-27 08:17:51', '2022-11-27 08:17:51');

-- --------------------------------------------------------

--
-- Table structure for table `value_pembobotan_subs`
--

CREATE TABLE `value_pembobotan_subs` (
  `id` bigint(20) UNSIGNED NOT NULL,
  `pembobotan_sub_id` bigint(20) UNSIGNED NOT NULL,
  `x_kriteria_id` bigint(20) UNSIGNED NOT NULL,
  `y_kriteria_id` bigint(20) UNSIGNED NOT NULL,
  `value` double(8,2) NOT NULL,
  `created_at` timestamp NULL DEFAULT NULL,
  `updated_at` timestamp NULL DEFAULT NULL
) ENGINE=InnoDB DEFAULT CHARSET=utf8mb4 COLLATE=utf8mb4_unicode_ci;

--
-- Dumping data for table `value_pembobotan_subs`
--

INSERT INTO `value_pembobotan_subs` (`id`, `pembobotan_sub_id`, `x_kriteria_id`, `y_kriteria_id`, `value`, `created_at`, `updated_at`) VALUES
(1, 1, 4, 4, 1.00, '2022-11-27 07:50:22', '2022-11-27 07:50:22'),
(2, 1, 4, 5, 1.00, '2022-11-27 07:50:22', '2022-11-27 07:50:22'),
(3, 1, 4, 6, 0.20, '2022-11-27 07:50:22', '2022-11-27 07:50:22'),
(4, 1, 4, 7, 0.14, '2022-11-27 07:50:22', '2022-11-27 07:50:22'),
(5, 1, 4, 8, 0.20, '2022-11-27 07:50:22', '2022-11-27 07:50:22'),
(6, 2, 5, 4, 1.00, '2022-11-27 07:50:22', '2022-11-27 07:50:22'),
(7, 2, 5, 5, 1.00, '2022-11-27 07:50:22', '2022-11-27 07:50:22'),
(8, 2, 5, 6, 1.00, '2022-11-27 07:50:22', '2022-11-27 07:50:22'),
(9, 2, 5, 7, 0.20, '2022-11-27 07:50:22', '2022-11-27 07:50:22'),
(10, 2, 5, 8, 0.14, '2022-11-27 07:50:22', '2022-11-27 07:50:22'),
(11, 3, 6, 4, 5.00, '2022-11-27 07:50:22', '2022-11-27 07:50:22'),
(12, 3, 6, 5, 1.00, '2022-11-27 07:50:22', '2022-11-27 07:50:22'),
(13, 3, 6, 6, 1.00, '2022-11-27 07:50:22', '2022-11-27 07:50:22'),
(14, 3, 6, 7, 0.20, '2022-11-27 07:50:22', '2022-11-27 07:50:22'),
(15, 3, 6, 8, 0.20, '2022-11-27 07:50:22', '2022-11-27 07:50:22'),
(16, 4, 7, 4, 7.00, '2022-11-27 07:50:22', '2022-11-27 07:50:22'),
(17, 4, 7, 5, 5.00, '2022-11-27 07:50:22', '2022-11-27 07:50:22'),
(18, 4, 7, 6, 5.00, '2022-11-27 07:50:22', '2022-11-27 07:50:22'),
(19, 4, 7, 7, 1.00, '2022-11-27 07:50:22', '2022-11-27 07:50:22'),
(20, 4, 7, 8, 1.00, '2022-11-27 07:50:22', '2022-11-27 07:50:22'),
(21, 5, 8, 4, 5.00, '2022-11-27 07:50:22', '2022-11-27 07:50:22'),
(22, 5, 8, 5, 7.00, '2022-11-27 07:50:22', '2022-11-27 07:50:22'),
(23, 5, 8, 6, 5.00, '2022-11-27 07:50:22', '2022-11-27 07:50:22'),
(24, 5, 8, 7, 1.00, '2022-11-27 07:50:22', '2022-11-27 07:50:22'),
(25, 5, 8, 8, 1.00, '2022-11-27 07:50:22', '2022-11-27 07:50:22'),
(26, 6, 17, 17, 1.00, '2022-12-13 11:19:17', '2022-12-13 11:19:17'),
(27, 6, 17, 18, 1.00, '2022-12-13 11:19:17', '2022-12-13 11:19:17'),
(28, 6, 17, 19, 0.33, '2022-12-13 11:19:17', '2022-12-13 11:19:17'),
(29, 6, 17, 20, 0.14, '2022-12-13 11:19:17', '2022-12-13 11:19:17'),
(30, 6, 17, 21, 0.20, '2022-12-13 11:19:17', '2022-12-13 11:19:17'),
(31, 7, 18, 17, 1.00, '2022-12-13 11:19:17', '2022-12-13 11:19:17'),
(32, 7, 18, 18, 1.00, '2022-12-13 11:19:17', '2022-12-13 11:19:17'),
(33, 7, 18, 19, 1.00, '2022-12-13 11:19:17', '2022-12-13 11:19:17'),
(34, 7, 18, 20, 1.00, '2022-12-13 11:19:17', '2022-12-13 11:19:17'),
(35, 7, 18, 21, 0.33, '2022-12-13 11:19:17', '2022-12-13 11:19:17'),
(36, 8, 19, 17, 3.00, '2022-12-13 11:19:17', '2022-12-13 11:19:17'),
(37, 8, 19, 18, 1.00, '2022-12-13 11:19:17', '2022-12-13 11:19:17'),
(38, 8, 19, 19, 1.00, '2022-12-13 11:19:17', '2022-12-13 11:19:17'),
(39, 8, 19, 20, 1.00, '2022-12-13 11:19:17', '2022-12-13 11:19:17'),
(40, 8, 19, 21, 0.33, '2022-12-13 11:19:17', '2022-12-13 11:19:17'),
(41, 9, 20, 17, 7.00, '2022-12-13 11:19:17', '2022-12-13 11:19:17'),
(42, 9, 20, 18, 1.00, '2022-12-13 11:19:17', '2022-12-13 11:19:17'),
(43, 9, 20, 19, 1.00, '2022-12-13 11:19:17', '2022-12-13 11:19:17'),
(44, 9, 20, 20, 1.00, '2022-12-13 11:19:17', '2022-12-13 11:19:17'),
(45, 9, 20, 21, 1.00, '2022-12-13 11:19:17', '2022-12-13 11:19:17'),
(46, 10, 21, 17, 5.00, '2022-12-13 11:19:17', '2022-12-13 11:19:17'),
(47, 10, 21, 18, 3.00, '2022-12-13 11:19:17', '2022-12-13 11:19:17'),
(48, 10, 21, 19, 3.00, '2022-12-13 11:19:17', '2022-12-13 11:19:17'),
(49, 10, 21, 20, 1.00, '2022-12-13 11:19:17', '2022-12-13 11:19:17'),
(50, 10, 21, 21, 1.00, '2022-12-13 11:19:17', '2022-12-13 11:19:17'),
(51, 11, 12, 12, 1.00, '2022-12-13 11:27:41', '2022-12-13 11:27:41'),
(52, 11, 12, 13, 1.00, '2022-12-13 11:27:41', '2022-12-13 11:27:41'),
(53, 11, 12, 14, 0.20, '2022-12-13 11:27:41', '2022-12-13 11:27:41'),
(54, 11, 12, 15, 0.14, '2022-12-13 11:27:41', '2022-12-13 11:27:41'),
(55, 11, 12, 16, 0.14, '2022-12-13 11:27:41', '2022-12-13 11:27:41'),
(56, 12, 13, 12, 1.00, '2022-12-13 11:27:41', '2022-12-13 11:27:41'),
(57, 12, 13, 13, 1.00, '2022-12-13 11:27:41', '2022-12-13 11:27:41'),
(58, 12, 13, 14, 0.20, '2022-12-13 11:27:42', '2022-12-13 11:27:42'),
(59, 12, 13, 15, 0.14, '2022-12-13 11:27:42', '2022-12-13 11:27:42'),
(60, 12, 13, 16, 0.14, '2022-12-13 11:27:42', '2022-12-13 11:27:42'),
(61, 13, 14, 12, 5.00, '2022-12-13 11:27:42', '2022-12-13 11:27:42'),
(62, 13, 14, 13, 5.00, '2022-12-13 11:27:42', '2022-12-13 11:27:42'),
(63, 13, 14, 14, 1.00, '2022-12-13 11:27:42', '2022-12-13 11:27:42'),
(64, 13, 14, 15, 1.00, '2022-12-13 11:27:42', '2022-12-13 11:27:42'),
(65, 13, 14, 16, 0.20, '2022-12-13 11:27:42', '2022-12-13 11:27:42'),
(66, 14, 15, 12, 7.00, '2022-12-13 11:27:42', '2022-12-13 11:27:42'),
(67, 14, 15, 13, 7.00, '2022-12-13 11:27:42', '2022-12-13 11:27:42'),
(68, 14, 15, 14, 1.00, '2022-12-13 11:27:42', '2022-12-13 11:27:42'),
(69, 14, 15, 15, 1.00, '2022-12-13 11:27:42', '2022-12-13 11:27:42'),
(70, 14, 15, 16, 1.00, '2022-12-13 11:27:42', '2022-12-13 11:27:42'),
(71, 15, 16, 12, 7.00, '2022-12-13 11:27:42', '2022-12-13 11:27:42'),
(72, 15, 16, 13, 7.00, '2022-12-13 11:27:42', '2022-12-13 11:27:42'),
(73, 15, 16, 14, 5.00, '2022-12-13 11:27:42', '2022-12-13 11:27:42'),
(74, 15, 16, 15, 1.00, '2022-12-13 11:27:42', '2022-12-13 11:27:42'),
(75, 15, 16, 16, 1.00, '2022-12-13 11:27:42', '2022-12-13 11:27:42'),
(76, 16, 9, 9, 1.00, '2022-12-13 11:48:27', '2022-12-13 11:48:27'),
(77, 16, 9, 10, 0.33, '2022-12-13 11:48:27', '2022-12-13 11:48:27'),
(78, 16, 9, 11, 0.14, '2022-12-13 11:48:27', '2022-12-13 11:48:27'),
(79, 17, 10, 9, 3.00, '2022-12-13 11:48:27', '2022-12-13 11:48:27'),
(80, 17, 10, 10, 1.00, '2022-12-13 11:48:27', '2022-12-13 11:48:27'),
(81, 17, 10, 11, 0.33, '2022-12-13 11:48:27', '2022-12-13 11:48:27'),
(82, 18, 11, 9, 7.00, '2022-12-13 11:48:27', '2022-12-13 11:48:27'),
(83, 18, 11, 10, 3.00, '2022-12-13 11:48:27', '2022-12-13 11:48:27'),
(84, 18, 11, 11, 1.00, '2022-12-13 11:48:27', '2022-12-13 11:48:27'),
(85, 19, 22, 22, 1.00, '2022-12-15 06:09:31', '2022-12-15 06:09:31'),
(86, 19, 22, 23, 0.33, '2022-12-15 06:09:31', '2022-12-15 06:09:31'),
(87, 19, 22, 24, 0.14, '2022-12-15 06:09:31', '2022-12-15 06:09:31'),
(88, 20, 23, 22, 3.00, '2022-12-15 06:09:31', '2022-12-15 06:09:31'),
(89, 20, 23, 23, 1.00, '2022-12-15 06:09:31', '2022-12-15 06:09:31'),
(90, 20, 23, 24, 0.20, '2022-12-15 06:09:31', '2022-12-15 06:09:31'),
(91, 21, 24, 22, 7.00, '2022-12-15 06:09:31', '2022-12-15 06:09:31'),
(92, 21, 24, 23, 5.00, '2022-12-15 06:09:31', '2022-12-15 06:09:31'),
(93, 21, 24, 24, 1.00, '2022-12-15 06:09:31', '2022-12-15 06:09:31'),
(94, 22, 25, 25, 1.00, '2022-12-15 06:11:25', '2022-12-15 06:11:25'),
(95, 22, 25, 26, 1.00, '2022-12-15 06:11:25', '2022-12-15 06:11:25'),
(96, 22, 25, 27, 0.33, '2022-12-15 06:11:25', '2022-12-15 06:11:25'),
(97, 22, 25, 28, 0.14, '2022-12-15 06:11:25', '2022-12-15 06:11:25'),
(98, 22, 25, 29, 0.14, '2022-12-15 06:11:25', '2022-12-15 06:11:25'),
(99, 23, 26, 25, 1.00, '2022-12-15 06:11:25', '2022-12-15 06:11:25'),
(100, 23, 26, 26, 1.00, '2022-12-15 06:11:25', '2022-12-15 06:11:25'),
(101, 23, 26, 27, 1.00, '2022-12-15 06:11:25', '2022-12-15 06:11:25'),
(102, 23, 26, 28, 0.20, '2022-12-15 06:11:25', '2022-12-15 06:11:25'),
(103, 23, 26, 29, 0.14, '2022-12-15 06:11:25', '2022-12-15 06:11:25'),
(104, 24, 27, 25, 3.00, '2022-12-15 06:11:25', '2022-12-15 06:11:25'),
(105, 24, 27, 26, 1.00, '2022-12-15 06:11:25', '2022-12-15 06:11:25'),
(106, 24, 27, 27, 1.00, '2022-12-15 06:11:25', '2022-12-15 06:11:25'),
(107, 24, 27, 28, 1.00, '2022-12-15 06:11:25', '2022-12-15 06:11:25'),
(108, 24, 27, 29, 0.20, '2022-12-15 06:11:25', '2022-12-15 06:11:25'),
(109, 25, 28, 25, 7.00, '2022-12-15 06:11:25', '2022-12-15 06:11:25'),
(110, 25, 28, 26, 5.00, '2022-12-15 06:11:25', '2022-12-15 06:11:25'),
(111, 25, 28, 27, 1.00, '2022-12-15 06:11:25', '2022-12-15 06:11:25'),
(112, 25, 28, 28, 1.00, '2022-12-15 06:11:25', '2022-12-15 06:11:25'),
(113, 25, 28, 29, 1.00, '2022-12-15 06:11:25', '2022-12-15 06:11:25'),
(114, 26, 29, 25, 7.00, '2022-12-15 06:11:25', '2022-12-15 06:11:25'),
(115, 26, 29, 26, 7.00, '2022-12-15 06:11:25', '2022-12-15 06:11:25'),
(116, 26, 29, 27, 5.00, '2022-12-15 06:11:25', '2022-12-15 06:11:25'),
(117, 26, 29, 28, 1.00, '2022-12-15 06:11:25', '2022-12-15 06:11:25'),
(118, 26, 29, 29, 1.00, '2022-12-15 06:11:25', '2022-12-15 06:11:25');

--
-- Indexes for dumped tables
--

--
-- Indexes for table `failed_jobs`
--
ALTER TABLE `failed_jobs`
  ADD PRIMARY KEY (`id`),
  ADD UNIQUE KEY `failed_jobs_uuid_unique` (`uuid`);

--
-- Indexes for table `migrations`
--
ALTER TABLE `migrations`
  ADD PRIMARY KEY (`id`);

--
-- Indexes for table `password_resets`
--
ALTER TABLE `password_resets`
  ADD KEY `password_resets_email_index` (`email`);

--
-- Indexes for table `pembobotans`
--
ALTER TABLE `pembobotans`
  ADD PRIMARY KEY (`id`);

--
-- Indexes for table `pembobotan_alternatifs`
--
ALTER TABLE `pembobotan_alternatifs`
  ADD PRIMARY KEY (`id`);

--
-- Indexes for table `pembobotan_lmus`
--
ALTER TABLE `pembobotan_lmus`
  ADD PRIMARY KEY (`id`);

--
-- Indexes for table `pembobotan_lmu_subs`
--
ALTER TABLE `pembobotan_lmu_subs`
  ADD PRIMARY KEY (`id`);

--
-- Indexes for table `pembobotan_subs`
--
ALTER TABLE `pembobotan_subs`
  ADD PRIMARY KEY (`id`);

--
-- Indexes for table `permissions`
--
ALTER TABLE `permissions`
  ADD PRIMARY KEY (`id`);

--
-- Indexes for table `personal_access_tokens`
--
ALTER TABLE `personal_access_tokens`
  ADD PRIMARY KEY (`id`),
  ADD UNIQUE KEY `personal_access_tokens_token_unique` (`token`),
  ADD KEY `personal_access_tokens_tokenable_type_tokenable_id_index` (`tokenable_type`,`tokenable_id`);

--
-- Indexes for table `pkh_records`
--
ALTER TABLE `pkh_records`
  ADD PRIMARY KEY (`id`);

--
-- Indexes for table `roles`
--
ALTER TABLE `roles`
  ADD PRIMARY KEY (`id`);

--
-- Indexes for table `tb_datamasyarakat`
--
ALTER TABLE `tb_datamasyarakat`
  ADD PRIMARY KEY (`id_ms`);

--
-- Indexes for table `tb_kriteria`
--
ALTER TABLE `tb_kriteria`
  ADD PRIMARY KEY (`id_kri`),
  ADD UNIQUE KEY `kode_kri` (`kode_kri`);

--
-- Indexes for table `tb_subkri`
--
ALTER TABLE `tb_subkri`
  ADD PRIMARY KEY (`id_sub`);

--
-- Indexes for table `users`
--
ALTER TABLE `users`
  ADD PRIMARY KEY (`id`),
  ADD UNIQUE KEY `users_email_unique` (`email`);

--
-- Indexes for table `value_pembobotans`
--
ALTER TABLE `value_pembobotans`
  ADD PRIMARY KEY (`id`);

--
-- Indexes for table `value_pembobotan_subs`
--
ALTER TABLE `value_pembobotan_subs`
  ADD PRIMARY KEY (`id`);

--
-- AUTO_INCREMENT for dumped tables
--

--
-- AUTO_INCREMENT for table `failed_jobs`
--
ALTER TABLE `failed_jobs`
  MODIFY `id` bigint(20) UNSIGNED NOT NULL AUTO_INCREMENT;

--
-- AUTO_INCREMENT for table `migrations`
--
ALTER TABLE `migrations`
  MODIFY `id` int(10) UNSIGNED NOT NULL AUTO_INCREMENT, AUTO_INCREMENT=17;

--
-- AUTO_INCREMENT for table `pembobotans`
--
ALTER TABLE `pembobotans`
  MODIFY `id` bigint(20) UNSIGNED NOT NULL AUTO_INCREMENT, AUTO_INCREMENT=7;

--
-- AUTO_INCREMENT for table `pembobotan_alternatifs`
--
ALTER TABLE `pembobotan_alternatifs`
  MODIFY `id` bigint(20) UNSIGNED NOT NULL AUTO_INCREMENT, AUTO_INCREMENT=157;

--
-- AUTO_INCREMENT for table `pembobotan_lmus`
--
ALTER TABLE `pembobotan_lmus`
  MODIFY `id` bigint(20) UNSIGNED NOT NULL AUTO_INCREMENT, AUTO_INCREMENT=289;

--
-- AUTO_INCREMENT for table `pembobotan_lmu_subs`
--
ALTER TABLE `pembobotan_lmu_subs`
  MODIFY `id` bigint(20) UNSIGNED NOT NULL AUTO_INCREMENT, AUTO_INCREMENT=194;

--
-- AUTO_INCREMENT for table `pembobotan_subs`
--
ALTER TABLE `pembobotan_subs`
  MODIFY `id` bigint(20) UNSIGNED NOT NULL AUTO_INCREMENT, AUTO_INCREMENT=27;

--
-- AUTO_INCREMENT for table `permissions`
--
ALTER TABLE `permissions`
  MODIFY `id` bigint(20) UNSIGNED NOT NULL AUTO_INCREMENT;

--
-- AUTO_INCREMENT for table `personal_access_tokens`
--
ALTER TABLE `personal_access_tokens`
  MODIFY `id` bigint(20) UNSIGNED NOT NULL AUTO_INCREMENT;

--
-- AUTO_INCREMENT for table `pkh_records`
--
ALTER TABLE `pkh_records`
  MODIFY `id` bigint(20) UNSIGNED NOT NULL AUTO_INCREMENT, AUTO_INCREMENT=5;

--
-- AUTO_INCREMENT for table `roles`
--
ALTER TABLE `roles`
  MODIFY `id` bigint(20) UNSIGNED NOT NULL AUTO_INCREMENT;

--
-- AUTO_INCREMENT for table `tb_datamasyarakat`
--
ALTER TABLE `tb_datamasyarakat`
  MODIFY `id_ms` int(11) NOT NULL AUTO_INCREMENT, AUTO_INCREMENT=24;

--
-- AUTO_INCREMENT for table `tb_kriteria`
--
ALTER TABLE `tb_kriteria`
  MODIFY `id_kri` int(11) NOT NULL AUTO_INCREMENT, AUTO_INCREMENT=11;

--
-- AUTO_INCREMENT for table `tb_subkri`
--
ALTER TABLE `tb_subkri`
  MODIFY `id_sub` int(11) NOT NULL AUTO_INCREMENT, AUTO_INCREMENT=30;

--
-- AUTO_INCREMENT for table `users`
--
ALTER TABLE `users`
  MODIFY `id` bigint(20) UNSIGNED NOT NULL AUTO_INCREMENT, AUTO_INCREMENT=2;

--
-- AUTO_INCREMENT for table `value_pembobotans`
--
ALTER TABLE `value_pembobotans`
  MODIFY `id` bigint(20) UNSIGNED NOT NULL AUTO_INCREMENT, AUTO_INCREMENT=37;

--
-- AUTO_INCREMENT for table `value_pembobotan_subs`
--
ALTER TABLE `value_pembobotan_subs`
  MODIFY `id` bigint(20) UNSIGNED NOT NULL AUTO_INCREMENT, AUTO_INCREMENT=119;
COMMIT;

/*!40101 SET CHARACTER_SET_CLIENT=@OLD_CHARACTER_SET_CLIENT */;
/*!40101 SET CHARACTER_SET_RESULTS=@OLD_CHARACTER_SET_RESULTS */;
/*!40101 SET COLLATION_CONNECTION=@OLD_COLLATION_CONNECTION */;
